year,university_nid,country,university,rank,overall_score,International Students Ratio_score,International Faculty Ratio_score,Faculty Student Ratio_score,Citations per Faculty_score,Academic Reputation_score,Employer Reputation_score
2021,294850,United States,Massachusetts Institute of Technology (MIT) ,1,100,91.9,100,100,99.1,100,100
2021,297282,United States,Stanford University,2,98.4,63.6,99.7,100,98.1,100,100
2021,294270,United States,Harvard University,3,97.9,69.9,85.2,98.6,99.1,100,100
2021,294562,United States,California Institute of Technology (Caltech),4,97,88.2,100,100,99.9,97,82.8
2021,294654,United Kingdom,University of Oxford,5,96.7,98.3,99.4,100,81.3,100,100
2021,294432,Switzerland,ETH Zurich,6,95,97.9,100,80.8,96.4,98.7,96.6
2021,294561,United Kingdom,University of Cambridge,7,94.3,97.4,100,100,69.2,100,100
2021,294030,United Kingdom,Imperial College London,8,93.6,100,100,99.9,68.6,98.5,99.8
2021,294536,United States,University of Chicago,9,93.1,82.6,67.1,94.4,86.3,99.4,91.3
2021,294014,United Kingdom,UCL,10,92.9,100,99.3,98.4,65.4,99.4,98.3
2021,294798,,National University of Singapore (NUS,11,91.5,71.4,100,90.7,72.9,99.7,98.4
2021,297490,United States,Princeton University,12,91,65.6,71.6,68.6,100,99.9,99
2021,294821,Singapore,"Nanyang Technological University, Singapore (NTU Singapore)",13,89.9,67.6,100,91.5,89,89.8,89.8
2021,294481,Switzerland,EPFL,14,89.6,100,100,96.3,98.5,80.4,80
2021,297235,China (Mainland),Tsinghua University,15,89.2,29.7,55.3,93.3,83.2,98.2,98.6
2021,297569,United States,University of Pennsylvania,16,88.6,65.3,88.7,100,63.8,96.1,91.5
2021,297177,United States,Yale University,17,88,54.5,85.3,100,52.8,99.9,100
2021,294514,United States,Cornell University,18,87.6,70,93.7,63.7,88.6,98.5,90.9
2021,294519,United States,Columbia University,19,86.5,96.3,37.2,100,48.5,99.7,97.3
2021,294478,United Kingdom,The University of Edinburgh,20,85.8,99,98.2,83.1,50.2,98,95.4
2021,294857,United States,University of Michigan-Ann Arbor,21,84.6,41.3,74.8,89.4,58,98.9,92.7
2021,294256,Hong Kong SAR,The University of Hong Kong,22,83.7,98.9,100,83.8,48,98.1,76.3
2021,294606,China (Mainland),Peking University,23,83.5,34.3,69.7,76.4,64.9,99.2,99.1
2021,297246,Japan,The University of Tokyo,24,83.2,26.1,10.7,92.3,62.5,100,99.6
2021,294184,United States,Johns Hopkins University,25,82.7,87.7,66.3,100,75.9,86.7,47
2021,297242,Canada,University of Toronto,26,82.7,94.1,97.9,70.3,45.8,99.3,96.8
2021,294255,Hong Kong SAR,The Hong Kong University of Science and Technology,27,82.1,88.9,100,66.7,92.1,85.2,63.6
2021,294871,United Kingdom,The University of Manchester,28,82.1,98.8,92.9,72.7,48.4,95.3,97.4
2021,294767,United States,Northwestern University,29,81.5,45.3,57.9,99.7,72.3,85.1,74.4
2021,294572,United States,"University of California, Berkeley (UCB)",30,80.8,39.7,94.9,21.3,96.9,100,99.9
2021,294616,Australia,Australian National University (ANU),31,80,99.6,100,40.1,77.8,95.6,77.6
2021,294029,United Kingdom,King's College London,32,80,99.9,98.4,83.1,46.4,88.9,81.1
2021,294864,Canada,McGill University,33,80,96.3,90.5,67.5,51.8,92.3,94.1
2021,294367,China (Mainland),Fudan University,34,79.9,46.3,93.1,90.9,55.7,84.7,92.5
2021,294786,United States,New York University (NYU),35,79.4,93,37.3,96.7,25.8,95.8,96.5
2021,294569,United States,"University of California, Los Angeles (UCLA)",36,79.2,32.6,47.3,42,81.9,100,99.7
2021,297403,South Korea,Seoul National University,37,79,11.6,18.6,87.9,53.7,97.9,95.9
2021,294111,Japan,Kyoto University,38,78.9,19.8,16,95,42.6,98.6,96.9
2021,294124,South Korea,KAIST - Korea Advanced Institute of Science & Technology,39,78.6,9.7,24.7,70,97.4,86.8,82.2
2021,296815,Australia,The University of Sydney,40,77.1,100,100,21.4,69.6,97.4,95.3
2021,294861,Australia,The University of Melbourne,41,76.5,100,97.4,18.8,65.4,99.1,97.3
2021,294490,United States,Duke University,42,76.4,58,5.9,100,44.7,88.2,85.3
2021,294277,Hong Kong SAR,The Chinese University of Hong Kong (CUHK),43,75.8,91.5,100,59.2,62.6,90.3,53.1
2021,294788,Australia,The University of New South Wales (UNSW Sydney),44,75.4,99.2,100,16.7,78.4,91.1,94.9
2021,294586,Canada,University of British Columbia,45,74.8,78.8,89.5,53.1,37.4,97.1,89.6
2021,297460,Australia,The University of Queensland,46,74.5,99.9,100,23.8,79.6,89,78.2
2021,297378,China (Mainland),Shanghai Jiao Tong University,47,74.4,30.2,64,60.4,75.4,82.5,90.9
2021,294527,Hong Kong SAR,City University of Hong Kong,48,74.3,99,100,88.9,91.2,61.5,32.8
2021,294016,United Kingdom,The London School of Economics and Political Science (LSE),49,73.9,100,100,41.9,74,75.8,99.6
2021,297262,Germany,Technical University of Munich,50,73.6,84.7,63.4,89.7,22.4,83.8,98.5
2021,294555,United States,Carnegie Mellon University,51,73.4,99.4,65.3,51,89.8,73.3,72.4
2021,397503,France,Université PSL,52,73.3,68.4,64.5,100,31.6,75.5,97.5
2021,297123,China (Mainland),Zhejiang University,53,71.9,74.2,98.1,90,40,69.3,91.1
2021,294567,United States,"University of California, San Diego (UCSD)",54,71.2,64.3,59.9,61.3,52.7,91.9,50.4
2021,294848,Australia,Monash University,55,70.9,100,100,14.1,64.2,90,88.7
2021,297248,Japan,Tokyo Institute of Technology (Tokyo Tech),56,70.8,28,27.6,83.4,62.6,73.3,90.4
2021,294502,Netherlands,Delft University of Technology,57,70.7,85.6,99.8,43.9,75.8,70.7,87.9
2021,294587,United Kingdom,University of Bristol,58,70.6,80.6,91.5,70.8,44.8,75.5,82.9
2021,294877,Malaysia,Universiti Malaya (UM),59,70.1,44.5,68.7,82.1,47.7,74.1,84.6
2021,294584,United States,Brown University,60,70,53.4,82.9,82,82.3,60.2,58.1
2021,297816,Netherlands,University of Amsterdam,61,69.9,61.6,84.5,35.4,83.3,82.3,55.6
2021,294480,France,Ecole Polytechnique,61,69.9,99,95.8,99.8,65.8,41.8,98.7
2021,297197,United Kingdom,The University of Warwick,62,69,99.2,98.1,47.8,51.4,74.3,92
2021,294840,Germany,Ludwig-Maximilians-Universit01t München,63,68.9,36.2,57.6,49.1,43.9,92.9,80.7
2021,294265,Germany,Universit01t Heidelberg,64,68.6,49.5,52.3,99.1,34.2,80.6,41.8
2021,297183,United States,University of Wisconsin-Madison,65,68.2,27.6,34.7,72.7,54.9,85.6,49.5
2021,294804,Taiwan,National Taiwan University (NTU),66,67.5,38.7,19.1,38.7,54.8,91.8,87.5
2021,294578,Argentina,Universidad de Buenos Aires (UBA),67,67.5,71.8,60.4,77.9,2.5,88.3,90.8
2021,294121,South Korea,Korea University,69,67.1,53.3,15,84.9,35.4,75.2,91.7
2021,297126,Switzerland,University of Zurich,70,67.1,59.8,100,98,45.9,59.7,60.6
2021,297257,United States,University of Texas at Austin,71,66.7,16.2,6.5,12.4,84,94,83.4
2021,297628,Japan,Osaka University,72,66.1,14,20.3,78.9,41.3,80.1,79.6
2021,297194,United States,University of Washington,73,66.1,39.5,39.7,13.7,98.8,85.9,49
2021,294842,Russia,Lomonosov Moscow State University,74,65.9,76.8,20.1,99.8,7.4,77.3,82.8
2021,294257,Hong Kong SAR,The Hong Kong Polytechnic University,75,65.8,80.2,100,78,51,66.3,40.8
2021,294516,Denmark,University of Copenhagen,76,65.5,26.5,91.8,100,31.2,72.8,38.7
2021,297501,South Korea,Pohang University of Science And Technology (POSTECH),77,64.6,3,33.8,99.9,98.7,43,54.6
2021,294322,United Kingdom,University of Glasgow,78,64.6,97.1,93.8,60.4,33.5,73,66.8
2021,297250,Japan,Tohoku University,79,64.3,16.9,11.8,98.1,39.6,69.3,72.4
2021,294349,United States,Georgia Institute of Technology,80,64.1,64.8,71,9.2,99.9,68.8,76.4
2021,294619,New Zealand,The University of Auckland,81,64,94.5,97.6,25.4,47,84.9,55.9
2021,295060,United States,University of Illinois at Urbana-Champaign,82,63.4,60.4,18.8,10.8,83.7,87.4,52.1
2021,396462,France,Sorbonne University,83,63.3,57.1,34,38.9,49.3,90.1,47.4
2021,294551,Belgium,KU Leuven,84,63,36.1,90.7,9.4,77.5,83.4,55.5
2021,294488,United Kingdom,Durham University,85,62.2,88.7,97.9,33.1,68.3,58,90.2
2021,297129,South Korea,Yonsei University,86,62.5,45.3,12.1,85.1,31,68.3,87.7
2021,294597,United Kingdom,University of Birmingham,87,62,87.9,93.4,52.5,45.4,64.4,72.6
2021,297467,South Korea,Sungkyunkwan University (SKKU),88,61.5,39.3,20.1,84.9,47.7,60.2,75.6
2021,297437,United States,Rice University,89,61.4,92,88.8,80.8,87.5,39.6,25.3
2021,297288,United Kingdom,University of Southampton,90,61.3,93.5,97.6,66.8,61.7,50.9,52.9
2021,294081,United Kingdom,University of Leeds,91,61.2,81.3,84.7,46,36.7,70.6,78.1
2021,297188,Australia,The University of Western Australia,92,61,99.6,100,19,85.7,61.1,52.7
2021,297471,United Kingdom,The University of Sheffield,93,60.8,96,85.3,62.2,42.8,61.4,58.6
2021,294534,China (Mainland),University of Science and Technology of China,94,60.8,6.1,24.1,77.7,99.2,53.9,19.9
2021,294836,United States,University of North Carolina at Chapel Hill,95,60.6,10.5,32.6,84.4,44.8,68.1,49.7
2021,297285,United Kingdom,University of St Andrews,96,60.3,99.8,98.4,67.6,60.2,46,61.1
2021,293996,Sweden,Lund University,97,60.2,69,92.3,53.6,39.9,70,50.9
2021,297484,Sweden,KTH Royal Institute of Technology ,98,59.5,57.4,98.3,64.8,68,46.2,63.6
2021,294758,United Kingdom,University of Nottingham,99,59,83.5,90.8,47.7,46.4,60,71.6
2021,294835,Mexico,Universidad Nacional Autónoma de México  (UNAM),100,58.8,3.6,9.9,52.9,4,93.3,90.9
2021,297570,United States,Pennsylvania State University,101,58.4,36.9,15.9,29.9,59.7,74.9,75.3
2021,294491,Ireland,"Trinity College Dublin, The University of Dublin",102,58.4,93.7,99.6,32.4,51.3,66.6,49.7
2021,297264,Denmark,Technical University of Denmark,103,57.9,78.6,99.9,99.9,66,31.3,29.7
2021,294264,Finland,University of Helsinki,104,57.6,5.7,61.4,67.5,48.4,65.3,45.9
2021,297193,United States,Washington University in St. Louis,105,56.9,61.8,80,99.8,53.3,43.3,15.5
2021,294644,Australia,The University of Adelaide,106,56.8,99.1,99.8,25.5,77.8,55.5,37
2021,294362,Switzerland,University of Geneva,107,56.8,97.4,100,48.5,71.2,50.9,23.4
2021,294741,United States,The Ohio State University,108,56.4,23.5,81.3,57.6,37.8,63.5,63.2
2021,297485,United States,Purdue University,109,55.9,51.4,83.9,19.2,62.7,63.6,69.4
2021,294593,United States,Boston University,110,55.8,88,30.9,42.4,54.3,62,53.4
2021,294832,Japan,Nagoya University,111,55.8,20.4,14.8,90,35,58.7,52.3
2021,294571,United States,"University of California, Davis",112,55.3,68.4,75.1,28.7,56.1,68.7,33.9
2021,297620,Norway,University of Oslo,113,55.2,26.7,88.3,82.1,46.8,54.5,15.7
2021,294601,Switzerland,University of Bern,114,54.9,42.7,100,70.9,86.7,30.2,38.7
2021,294022,United Kingdom,Queen Mary University of London,114,55.1,99,99.7,58.4,40.4,52.6,40.9
2021,297422,Brazil,Universidade de S00o Paulo,115,54.8,3.1,8.2,20.5,38.1,88.6,67.4
2021,297202,Netherlands,Wageningen University & Research,116,54.8,79.8,45.5,96.9,53.1,40,22.2
2021,294252,Germany,Humboldt-Universit01t zu Berlin,117,54.5,31.1,50,10,32.2,89.8,57.5
2021,294843,Canada,Université de Montréal ,118,54.3,59.7,88.8,66.8,29.1,55.1,53.6
2021,294639,Canada,University of Alberta,119,54,79.9,91.2,50.5,47.2,54.6,37.7
2021,294476,Netherlands,Eindhoven University of Technology,120,53.9,44.9,99.7,55.2,76.6,30.4,78.1
2021,294549,Chile,Pontificia Universidad Católica de Chile (UC),121,53.8,3.9,18.6,24.2,14.1,87.7,96.4
2021,297286,United States,University of Southern California,122,53.8,84.3,32,34.1,60.5,58.1,55.1
2021,297215,Netherlands,Utrecht University,123,53.8,25,59.9,38.9,58.3,66,34
2021,294103,Japan,Kyushu University,124,53.7,20.4,14.4,86.7,31.2,54.6,62.5
2021,294826,China (Mainland),Nanjing University,125,53.7,9.5,71.4,28,87.6,59.7,23.4
2021,297218,Sweden,Uppsala University,126,53.7,35.3,66.3,42.8,52.5,66.3,27.7
2021,294263,Finland,Aalto University,127,53.6,35.4,93.2,53.6,72.5,43.4,43
2021,294071,Netherlands,Leiden University,128,53.4,48.1,82.2,25.8,52.6,69.2,32.2
2021,294293,Netherlands,University of Groningen,129,53.4,86.5,92,62.6,43.2,50.6,28.1
2021,294382,Germany,Freie Universitaet Berlin,130,53.2,46.6,63.6,4.2,46.7,80.9,48.4
2021,294164,Germany,"KIT, Karlsruhe Institute of Technology",131,52.9,60.5,60.1,27.4,70.3,46.2,85
2021,294875,Malaysia,Universiti Putra Malaysia (UPM),132,52.7,86.5,58.1,76.1,22.3,50.5,52.8
2021,297273,Australia,University of Technology Sydney,134,52.6,94.9,98.1,8.8,74.4,45.3,78.8
2021,294090,United Kingdom,Lancaster University,135,52.5,95.4,93.7,45.6,71.3,40.6,31
2021,294329,Belgium,Ghent University,136,52.5,19.1,68.4,83,37.1,53.7,23.5
2021,294853,Italy,Politecnico di Milano,137,52.4,49.6,46.4,5.3,55.9,67,82.6
2021,294485,France,CentraleSupélec,138,52.3,86.1,65.6,89.1,51.9,15.6,99.9
2021,294540,Sweden,Chalmers University of Technology,139,52.2,60.3,98.8,68.2,65.6,28.3,58.6
2021,294258,Japan,Hokkaido University,140,52.2,16.2,17.9,80,32.7,54,60
2021,294876,Malaysia,Universiti Kebangsaan Malaysia (UKM),141,52,40.8,31.2,93.3,11.9,53.8,55.7
2021,294874,Malaysia,Universiti Sains Malaysia (USM),142,51.9,49.9,37.6,76.2,17.6,56,60.5
2021,296687,Saudi Arabia,King Abdulaziz University (KAU),143,51.7,57,99,69,50.2,36.3,52.4
2021,294863,Canada,McMaster University,144,51.5,48.1,99.3,81.4,32.4,40.7,47.6
2021,294649,Germany,RWTH Aachen University,145,51.4,70.3,43.7,7.4,68.1,51.9,95.8
2021,294273,South Korea,Hanyang University,146,51.3,31.9,23.1,77.1,31.9,46.5,78.3
2021,294648,Denmark,Aarhus University,147,51,17,84.9,32.6,65.6,54.6,40.9
2021,297266,Germany,Technische Universit01t Berlin (TU Berlin),148,50.8,74.4,38.2,50.3,28.2,54.1,75
2021,294610,Switzerland,University of Basel,149,50.6,87.1,100,45.3,88.3,28.4,28.5
2021,297209,Austria,University of Vienna,150,50.3,90.3,98.1,24.3,18.7,69.2,42.7
2021,297128,United Kingdom,University of York,151,50.3,69.9,89.5,58.4,45.7,42.6,41.4
2021,294781,United Kingdom,Newcastle University,152,50.2,81.2,87.6,39.6,41.8,43.7,76.8
2021,294565,United States,"University of California, Santa Barbara (UCSB)",153,50.2,29.4,55.3,11.4,87.1,60,19.3
2021,294867,United States,"University of Maryland, College Park",154,50.2,22.5,27.5,49.9,65,53.1,31.5
2021,297267,Mexico,Tecnológico de Monterrey,155,49.9,16.1,96.7,87.3,5.2,41.7,88.3
2021,297561,United States,University of Pittsburgh,156,49.7,19.4,8.6,96.7,45.6,43.9,19.6
2021,294858,United States,Michigan State University,157,49.6,26.9,62,15.4,52.9,61.5,65.6
2021,294471,United States,Emory University,158,49.1,41.1,50.1,98.5,63.9,25.8,14.5
2021,294557,United Kingdom,Cardiff University,159,48.5,77,81.7,48,38.9,47.4,39.4
2021,294595,Italy,Alma Mater Studiorum - University of Bologna,160,48.2,11.9,12.1,4.7,46.3,79.6,46.4
2021,294483,France,07cole Normale Supérieure de Lyon,161,48.1,18.9,53.7,94.6,54.7,33.3,10.1
2021,294554,United States,Case Western Reserve University,162,47.4,74.5,55.3,86.5,67.8,19.7,18.7
2021,294394,United States,University of Florida,163,47.4,12.9,20.6,75.3,26.8,49.7,51.9
2021,294427,United Kingdom,University of Exeter,164,47.2,79.4,90.6,42.6,40.2,39.7,60.3
2021,295109,Kazakhstan,Al-Farabi Kazakh National University,165,46.9,30.7,42,98.2,1.4,42,63.1
2021,297494,United States,University of Rochester,165,46.9,92.9,63.5,99.9,37.4,25.5,11.3
2021,297191,Canada,University of Waterloo,167,46.8,83.4,76.4,7.9,67,39.6,77.5
2021,294800,Taiwan,National Tsing Hua University,168,46.4,18,19.4,34.8,58.3,49.5,58.1
2021,297256,United States,Texas A&M University,169,46.2,19.1,25.2,8.1,59.2,60.7,59.9
2021,294085,Switzerland,University of Lausanne,170,46.2,62,99.5,56.7,51.7,35.1,21.5
2021,297489,Italy,Sapienza University of Rome,171,46.1,10.5,4.8,5.1,46.3,78.4,33.8
2021,294243,India,Indian Institute of Technology Bombay (IITB),172,46,1.6,3.9,36.2,53.1,50.4,74.2
2021,297263,Germany,Technische Universit01t Dresden,173,45.9,34.1,35.7,83.7,21.5,37.6,61.1
2021,294609,United Kingdom,University of Bath,174,45.9,90.4,98.1,24.8,50,36.1,67.7
2021,297232,Germany,Eberhard Karls Universit01t Tübingen,175,45.8,26,45.8,89.5,17.8,45.6,22.6
2021,294376,Germany,Albert-Ludwigs-Universitaet Freiburg,176,45.8,43.9,62.4,35.7,51.8,52,18.7
2021,294267,Israel,The Hebrew University of Jerusalem,177,45.7,9.9,65.4,79.8,39.2,37.4,29.5
2021,294492,Ireland,University College Dublin,178,45.7,63.2,97.6,28.8,39,49.2,41.6
2021,294852,United States,University of Minnesota Twin Cities,179,45.7,15,7.1,31.9,48.1,64.3,26.2
2021,294535,Chile,Universidad de Chile,180,45.6,7.4,9.5,13.8,15,73.9,91.2
2021,297278,Sweden,Stockholm University,181,45.5,41.5,87.5,29,46.9,55.1,15.6
2021,294045,United Kingdom,University of Liverpool,182,45.5,93.8,86.7,48.6,30.9,42.9,31
2021,294613,Spain,Universitat de Barcelona,183,45.4,32.1,6.6,20.9,35.5,70.2,38.1
2021,297618,New Zealand,University of Otago,184,45.3,59,100,17.6,43.5,53,36.5
2021,295536,India,Indian Institute of Science,185,44.9,1.6,1.4,49.8,100,31.8,18.3
2021,297053,Saudi Arabia,King Fahd University of Petroleum & Minerals,186,44.7,18.1,100,80.7,46.1,27.7,21.1
2021,294873,Malaysia,Universiti Teknologi Malaysia ,187,44.2,63.9,27.6,64.4,27.8,39.4,51.6
2021,297212,United States,Vanderbilt University,188,44.2,31.5,23.5,100,39.7,26.9,24.7
2021,294550,Belgium,Université catholique de Louvain (UCLouvain),189,44.1,39.9,87.2,7.6,60.9,50.2,37.2
2021,297196,Japan,Waseda University,190,44.1,36.7,31,30.6,7.6,58.6,93.6
2021,294156,Japan,Keio University,191,44,11.7,12.2,60.8,9.6,49.5,87
2021,297208,Austria,Technische Universit01t Wien,192,44,86,75.2,10.2,77.5,32.3,52.7
2021,294242,India,Indian Institute of Technology Delhi (IITD),193,43.9,1.5,2.3,28.4,67.8,44.3,64.5
2021,294603,Norway,University of Bergen,194,43.4,8.8,87.3,77.9,42.4,33.6,8.2
2021,294311,Germany,University of G02ttingen,195,43.3,25,49.9,65.5,24.3,49,17.9
2021,297181,Australia,University of Wollongong,196,43.2,86,91.8,19.2,71,31.3,34.5
2021,294457,Netherlands,Erasmus University Rotterdam ,197,43.1,59,82.2,32.4,46.7,34,63.7
2021,294784,Australia,"The University of Newcastle, Australia (UON)",198,43.1,44.6,99.9,32.4,64.7,33.5,27.9
2021,297226,Netherlands,University of Twente,199,43.1,86.5,96.1,36.8,69.8,20.8,40.4
2021,293977,Spain,Universidad Autónoma de Madrid,200,42.8,12,8.8,42.3,23.3,57.1,55.4
2021,294582,Belgium,Vrije Universiteit Brussel (VUB),201,42.8,62.1,88.2,87.3,29.1,24.7,18.9
2021,294314,Sweden,University of Gothenburg,202,42.7,42.7,65.5,69.2,31.4,38.3,15.7
2021,294505,United States,Dartmouth College,203,42.6,32.7,5.5,69.5,79.3,19.4,29.5
2021,297187,Canada,Western University,204,42.6,51,95.6,7.4,76.1,29.8,63.7
2021,297458,United Kingdom,University of Reading,205,42.3,86.4,93.2,28.6,53,33.4,34.3
2021,294880,Spain,Complutense University of Madrid,206,41.9,21.3,3.2,23.3,14.2,66.4,63.5
2021,294647,United Kingdom,University of Aberdeen,207,41.8,99,94.8,32.8,57.4,28.7,23.6
2021,294531,Thailand,Chulalongkorn University,208,41.6,2.6,14.6,29.1,9,67.1,60.7
2021,297461,United Kingdom,Queen's University Belfast,209,41.5,96.5,99.8,46.3,36.6,29,33
2021,294570,United States,"University of California, Irvine",210,41.4,75.7,46.6,10.7,68.7,44.2,14.4
2021,295657,United Arab Emirates,Khalifa University,211,41.2,48.1,100,86.4,52.6,11.9,10.2
2021,294761,United States,University of Notre Dame,212,41.2,19.8,29.3,68.2,42.3,29.2,47.5
2021,294612,Spain,Universitat Autònoma de Barcelona,213,40.9,23.1,22.2,15.2,39.9,59.9,33.9
2021,293982,Australia,"Macquarie University (Sydney, Australia)",214,40.8,97.5,97.2,21.8,44.5,31.6,49.6
2021,294777,Netherlands,Radboud University ,215,40.8,23.2,59,40.2,70.2,31.8,16.7
2021,297578,Italy,Università02di Padova,216,40.6,5.9,10.9,11.1,49.9,59.4,35.6
2021,294507,Australia,Curtin University,217,40.5,50.2,100,16.8,60.6,32.4,43.4
2021,297459,Australia,Queensland University of Technology (QUT),218,40.5,41.8,97.8,8.7,48.5,43.2,45.6
2021,297205,United States,University of Virginia,219,40.5,14.3,8.1,61.4,38.5,37.2,42.4
2021,297050,Lebanon,American University of Beirut (AUB),220,40.4,64.6,84.4,59.7,16.5,27.7,64
2021,294631,United States,Arizona State University,221,40.4,46.3,67.5,11.1,57.6,43.4,33.4
2021,294558,South Africa,University of Cape Town,222,40.4,35.8,67.1,25.3,39.6,45.1,39.7
2021,297499,Australia,RMIT University,223,40,94.3,100,9.8,35,37.6,60.2
2021,297211,New Zealand,Victoria University of Wellington,224,40,54.3,99.6,12.3,35.2,48.4,31.8
2021,297283,Russia,Saint Petersburg State University,225,39.9,36.8,5.9,83.3,7.2,41.2,29.2
2021,294009,United Kingdom,Loughborough University,226,39.7,72.2,83.8,29.3,34.1,30.9,66.1
2021,294011,Colombia,Universidad de los Andes,227,39.6,2.5,28.4,23.8,7.6,55.3,94
2021,294749,Russia,Novosibirsk State University,228,39.4,47.2,9,94.7,18.9,28.8,21.3
2021,294282,Germany,Universit01t Hamburg,229,39.4,22.9,45,26.1,46.4,48.7,17.7
2021,294355,United States,Georgetown University,230,39.3,47.2,15.1,63.2,25.8,33.5,47.7
2021,297260,Israel,Tel Aviv University,231,39.3,9.3,33.2,6.2,94.9,34.3,29.9
2021,294520,United States,University of Colorado Boulder,232,39.3,11,24.1,44.5,59.7,36.9,17.6
2021,294560,Brazil,Universidade Estadual de Campinas (Unicamp),233,39.2,3.7,8.8,16.5,35.6,62.3,29.6
2021,293985,Netherlands,Maastricht University ,234,38.9,100,97.1,20,65,21.8,30.5
2021,294814,Taiwan,National Cheng Kung University (NCKU),235,38.9,23,17,35.8,35,41,60.9
2021,294106,South Korea,Kyung Hee University,236,38.8,47.9,16.2,88.3,18.6,25.4,37.8
2021,297203,Netherlands,Vrije Universiteit Amsterdam,237,38.8,23.6,37,43.1,41.9,41.7,18.3
2021,294364,Ireland,University of Galway,238,38.3,58.8,91.8,75.3,15.2,24.2,27.4
2021,294634,Belgium,University of Antwerp,239,38.3,39.1,77.5,73.1,36.4,22.5,13.2
2021,294810,Taiwan,National Chiao Tung University,240,38.2,21.4,30,40.7,44.5,29.7,64.9
2021,294594,Germany,Rheinische Friedrich-Wilhelms-Universit01t Bonn,241,38.2,23.6,43.8,43.5,21.3,50.6,13.8
2021,294463,France,Ecole des Ponts ParisTech,242,38.1,99.6,31.8,93.1,20.7,8.8,49.9
2021,297573,France,Sciences Po,243,38.1,99.2,52,89.1,6,21,29.2
2021,294075,United Kingdom,University of Leicester,244,38.1,85.4,82.7,45.6,43.3,24.8,17.3
2021,293349,Qatar,Qatar University,245,37.9,95.4,100,69.7,19.4,19.3,23.3
2021,297462,Canada,Queen's University at Kingston,246,37.8,28.8,71,7.5,48.2,36.5,68.8
2021,294574,Canada,University of Calgary,247,37.8,57.1,82.9,27.2,41.2,33,36.6
2021,296147,United Kingdom,University of Sussex,248,37.8,95.1,96.4,20.2,58.7,28,10.2
2021,296996,China (Mainland),Wuhan University,249,37.8,8.5,48.6,16.8,53.4,38.2,53.7
2021,297245,Russia,Tomsk State University,250,37.7,93.4,29.1,99.9,6.1,21.7,15.1
2021,294581,Belgium,Universite libre de Bruxelles,251,37.7,88.7,87.2,6.8,45.8,33,50
2021,294879,Thailand,Mahidol University,252,37.5,5.6,8.6,69.6,7.8,41.7,44.4
2021,294793,Spain,University of Navarra,253,37.5,68.5,25,51.3,20.4,28.8,67.8
2021,294365,Indonesia,Gadjah Mada University,254,37.4,2.2,48.7,59.9,1.7,44.9,43.2
2021,295818,Brunei,Universiti Brunei Darussalam (UBD),255,37.4,63.9,100,95.4,7.9,18.3,10.5
2021,297244,China (Mainland),Tongji University,256,37.2,28.4,88,22.4,60.6,34.4,8.5
2021,294246,United States,University of Illinois at Chicago (UIC),257,37.2,21.1,10.3,40.4,32.8,44.7,29.3
2021,297482,United States,Rutgers UniversityCNew Brunswick,258,37,42.3,24.6,55.1,16.3,38.9,35.5
2021,294523,Colombia,Universidad Nacional de Colombia,259,36.9,1.3,8.2,7,5.6,60.8,93.2
2021,294539,Czechia,Charles University,260,36.7,46.9,19,48.4,11.8,43.4,37.6
2021,297014,China (Mainland),Harbin Institute of Technology,261,36.7,8.7,9.6,49.3,79.8,22.4,8.4
2021,297231,United States,Tufts University,262,36.7,36,32.8,75.7,45.3,20.2,7.8
2021,296998,China (Mainland),Sun Yat-sen University,263,36.4,6.3,9.7,57.5,31.9,35.4,33.7
2021,296813,Hong Kong SAR,Hong Kong Baptist University,264,36.3,95.6,98.2,39.3,49.9,18.2,12.7
2021,294230,Austria,Universit01t Innsbruck,265,36.2,99.5,99.3,66.1,15.8,20.6,13.8
2021,297234,Japan,University of Tsukuba,266,36.2,27.3,15.5,68.9,22.5,34.6,17.6
2021,297271,Taiwan,National Taiwan University of Science and Technology (Taiwan Tech),267,36,40.8,23.2,58.5,40.7,24.8,28
2021,297233,Germany,Technical University of Darmstadt,268,36,68.7,53.4,5.9,70.6,20.3,62.2
2021,297275,United Kingdom,University of Surrey,269,36,95.4,97.1,22.4,45.8,23.4,31.6
2021,294559,New Zealand,University of Canterbury | Te Whare Wānanga o Waitaha,270,35.9,60.2,99.6,10.7,38,35.6,37.4
2021,294866,United States,University of Massachusetts Amherst,271,35.9,25.6,35.2,16.4,56.2,41.2,16.1
2021,294865,New Zealand,Massey University,272,35.8,97.6,98.7,29.3,28.8,29.3,24.5
2021,297639,Switzerland,USI - Università della Svizzera italiana,273,35.6,100,100,86.1,29.1,4.7,5.2
2021,294630,United States,The University of Arizona,274,35.6,15.6,24.6,52,23.2,41.3,18.5
2021,884388,Australia,Deakin University.,275,35.5,82.7,97.1,5.1,48.7,28.9,39.8
2021,294238,India,Indian Institute of Technology Madras (IITM),276,35.5,1.5,2.6,31.5,50.9,34.1,50.1
2021,297506,Austria,Graz University of Technology,277,35.5,55.7,70.6,96.1,17.3,13.5,9.2
2021,924190,France,Université Paris Cité,278,35.5,19.6,17.2,20.7,56.8,43.1,7.2
2021,297022,China (Mainland),Beijing Normal University ,279,35.4,28.8,24.4,30.4,51.3,38.3,8.8
2021,297610,Canada,University of Ottawa,280,35.4,58.6,94.9,5.7,62,25.3,38.8
2021,294466,Russia,Moscow Institute of Physics and Technology (MIPT / Moscow Phystech),281,35.3,42.4,32,97.7,13.8,15.7,27.9
2021,296473,Russia,Bauman Moscow State Technical University,282,35.2,11.5,11,100,1.5,21.6,48.9
2021,294130,Germany,University of Cologne,283,35.2,37.4,57.4,27.3,23.9,39.2,42.9
2021,297051,United Arab Emirates,United Arab Emirates University,284,35.1,40.8,100,61.6,12.8,23.5,35.3
2021,297217,Estonia,University of Tartu,285,35,26,29.6,83.4,18.5,25.3,15.2
2021,294515,Ireland,University College Cork,286,34.9,46.4,91.9,42.8,23.4,28.6,31.3
2021,296684,Saudi Arabia,King Saud University,287,34.8,14.2,91.8,59.4,19.3,31,11.7
2021,297497,Spain,Universitat Pompeu Fabra (Barcelona),288,34.8,22.6,63.6,12.7,61.4,31.4,28.7
2021,297554,France,Université Paris 1 Panthéon-Sorbonne ,289,34.8,56.9,32.7,5.7,3.8,60.1,41.3
2021,297227,Finland,University of Turku,290,34.8,5.9,28.8,62,33.6,26.3,32.2
2021,294506,Canada,Dalhousie University,291,34.6,81,100,19.7,59.4,18.8,20.5
2021,294787,France,ENS Paris-Saclay,292,34.6,35.7,35.1,89.6,23.9,18.1,9.4
2021,297261,Israel,Technion - Israel Institute of Technology,293,34.6,3.6,48.2,22.4,68.7,27,27.4
2021,294859,United States,University of Miami,294,34.6,36.7,8,53.1,46.3,24.2,26.2
2021,297110,South Korea,Gwangju Institute of Science and Technology (GIST),295,34.5,7.1,15.8,39.7,100,11.7,5.6
2021,294837,United States,North Carolina State University,296,34.5,24.9,64.6,18.5,57.5,31.5,20.2
2021,297289,Australia,University of South Australia,297,34.5,61.2,100,23.4,50.4,24.4,17.2
2021,295115,Russia,HSE University,298,34.4,17,8.1,94,2.2,26.1,32.8
2021,294795,Taiwan,National Yang Ming University,299,34.4,6.5,5.6,99.9,30.9,14.8,15.2
2021,297470,United Kingdom,University of Strathclyde,300,34.3,73.7,93.5,22.4,28.2,26.4,50.2
2021,297099,United Kingdom,Heriot-Watt University,301,34.2,94,100,25,48.5,15.7,32.9
2021,294778,Italy,University of Milan,302,34.2,7.4,9.6,8,43.4,51.9,21.4
2021,294295,Australia,Griffith University,303,34.1,40.3,99.5,12.4,52.9,28.9,22.8
2021,297178,China (Mainland),Xi’an Jiaotong University,304,34.1,7.9,14.9,29.7,64.4,24.7,40.3
2021,296663,Denmark,Aalborg University,305,34,27.5,67.3,41.2,50.2,17.9,36.6
2021,294233,Indonesia,Universitas Indonesia,306,34,3.4,88.3,35.9,2.1,40.9,52.9
2021,297526,France,Université Paris-Saclay,306,34,35.3,41,68.3,29,24,8.8
2021,294869,Germany,Universit01t Mannheim,307,33.7,24.7,32.5,3.8,85,17.8,58.1
2021,297228,Italy,Politecnico di Torino,308,33.5,35.6,4,3.1,52.1,37.5,52.7
2021,297486,United Kingdom,Royal Holloway University of London,309,33.5,94.5,97.3,23.3,53,18.5,10.9
2021,297268,Australia,University of Tasmania,310,33.5,98.1,83.6,19.1,58.1,19.8,8.8
2021,296463,Spain,Universidad Carlos III de Madrid (UC3M),311,33.4,32.3,41.4,54.2,9.4,30.6,46
2021,294384,Germany,Goethe-University Frankfurt am Main,312,33.4,31,5.2,23.8,18.1,48,37.9
2021,294615,Indonesia,Bandung Institute of Technology (ITB),313,33.3,1.7,36.3,52.8,4,38.3,45.1
2021,294239,India,Indian Institute of Technology Kharagpur (IIT-KGP),314,33.2,1.1,4.9,21.7,70.2,26,39.2
2021,294393,Russia,National Research Nuclear University MEPhI (Moscow Engineering Physics Institute),315,33.2,82.7,49.6,97.7,9.1,9.2,13.6
2021,294553,Spain,Universitat Politècnica de Catalunya ・ BarcelonaTech (UPC),316,33.2,26.3,11,50.6,21.6,33.7,32.3
2021,293625,Belarus,Belarusian State University,317,33,30.4,4.6,97.6,1.7,19.1,35.9
2021,294454,Germany,Friedrich-Alexander-Universit01t Erlangen-Nürnberg,318,33,23.5,28,2.7,94.6,22.5,17.4
2021,294489,United Kingdom, University of Dundee,319,32.9,65.4,85.8,57.6,21.7,19.3,15.4
2021,294235,United States,Indiana University Bloomington,320,32.6,19.2,42.9,30.6,26.4,38.8,24.2
2021,294260,Japan,Hiroshima University,321,32.3,17.7,14.1,87,14,22.5,13.1
2021,297198,Poland,University of Warsaw ,322,32.3,10.5,8.5,37.3,6.7,43.6,48.9
2021,297293,Canada,Simon Fraser University,323,32.1,90.2,93.8,6.2,49.8,23.8,19.8
2021,884447,China (Mainland),Southern University of Science and Technology (SUSTech),324,32.1,1.7,48.4,96.7,38.6,5.5,1
2021,294189,Germany,Universit01t Jena,325,32.1,25.4,,99.6,13.4,19.5,2.4
2021,294196,Poland,Jagiellonian University,326,31.9,11.3,4.3,55.4,6.5,34.9,45.9
2021,294227,Spain,IE University,326,32,100,89.6,70.7,3.8,7.6,44.6
2021,293373,Argentina,Pontificia Universidad Católica Argentina,327,31.9,12.3,2.5,98.8,1.1,16.8,43.2
2021,296468,Russia,RUDN University,328,31.9,95,11.5,87.9,1.7,14.7,26
2021,297213,Spain,Universitat Politecnica de Valencia,329,31.9,20.5,6.1,78.9,18.3,24.5,11.9
2021,297206,United States,Virginia Polytechnic Institute and State University,330,31.9,25.2,56.9,27.2,36.6,29.3,31.5
2021,294806,Taiwan,National Taiwan Normal University,331,31.8,31.6,12.8,68.5,10.8,31,11
2021,296475,Russia,Ural Federal University - UrFU,332,31.8,43.1,16.4,92.2,2.4,20.8,13.8
2021,294477,South Korea,Ewha Womans University,333,31.7,30.4,8.6,80.3,14,21.7,20.1
2021,297222,Sweden,Umea University,335,31.7,11.5,27.1,80,24.3,19.9,7.3
2021,297469,Germany,Universit01t Stuttgart,336,31.7,51.5,43.2,5,55.7,24.9,46.7
2021,297224,United Kingdom,University of East Anglia (UEA),337,31.7,60.8,70.4,24.4,56.4,19.3,10.4
2021,294268,United States,University of Hawai02i at Mānoa,338,31.7,17.7,56.4,54.9,45.2,16.6,11.4
2021,294178,Finland,University of Jyv01skyl01,339,31.7,5.2,36.5,86.3,22,17.2,8.5
2021,297216,United States,University of Utah,340,31.7,10.1,33,68.5,40.1,17,8.5
2021,297176,United States,Yeshiva University,341,31.6,10.6,,97,49.8,2.8,3.8
2021,325908,France,Université Grenoble Alpes,342,31.5,30.8,26.4,11.8,37.4,43.6,12
2021,297524,Czechia,"University of Chemistry and Technology, Prague",343,31.5,63.7,23.9,99.4,18.5,6.4,8.1
2021,297511,United Kingdom,"Birkbeck, University of London",344,31.4,98,97.8,14.5,63.4,13.6,4.2
2021,297223,Germany,Ulm University,345,31.4,24.1,44.5,82.3,38.2,7.9,5.2
2021,295395,United Kingdom,SOAS University of London ,346,31.1,100,100,35.4,21.4,21.3,10.3
2021,294802,United States,University at Buffalo SUNY,347,31.1,43.4,82.3,7.3,70,20,11.3
2021,297642,United Arab Emirates,American University of Sharjah,348,31,100,100,34.4,15.2,19.4,31.7
2021,295119,Russia,MGIMO University,349,31,51.5,15.7,100,1.4,11.7,24.9
2021,294034,United Kingdom,"City, University of London",350,30.9,99.6,94.8,10,45.5,19.3,21.4
2021,294240,India,Indian Institute of Technology Kanpur (IITK),351,30.9,1.2,1.5,17.4,60.1,29,35
2021,295513,Brunei,Universiti Teknologi Brunei,352,30.9,7.6,99.3,91.5,7.8,11.5,9.1
2021,294358,United States,George Washington University,353,30.8,44.1,36.6,31.6,33.6,27.2,26.2
2021,294743,Denmark,University of Southern Denmark (SDU),354,30.8,26.4,85.4,36.1,39.9,19.6,20.3
2021,297119,Pakistan,National University of Sciences And Technology (NUST) Islamabad,355,30.5,5,3.3,77.8,10.6,17,54.1
2021,294839,Germany,University of Münster,356,30.3,7.8,29.3,38.1,19.1,35,28.7
2021,295110,Kazakhstan,L.N. Gumilyov Eurasian National University (ENU),357,30.2,6.1,25.3,96.9,1.5,17.9,16.1
2021,296493,Portugal,University of Lisbon ,358,30.2,37.9,7.3,12.9,38.1,38.6,21.5
2021,297070,Portugal,University of Porto,359,30.2,18.1,5.3,14.1,44.8,37,22.5
2021,294172,Russia,ITMO University,360,30.1,50.7,24.9,91.2,7.7,11.9,16.1
2021,294764,Norway,Norwegian University of Science And Technology,361,30.1,10.8,72.7,28.6,26.8,30.9,22.6
2021,294049,Austria,Johannes Kepler University Linz,362,30,23.3,77.7,66.9,23.9,11.3,21
2021,294051,Sweden,Link02ping University,363,30,15.6,63.9,27.8,49.7,20.4,22.2
2021,294773,United States,Northeastern University,364,30,95.1,76.3,23.1,36.5,20.1,12.9
2021,296773,Japan,Tokyo Medical and Dental University (TMDU),366,30,15.3,2.8,100,20.1,11,5.4
2021,293821,Macau SAR,University of Macau,367,29.9,96.2,100,22.4,51.8,11.2,6.2
2021,294583,United Kingdom,Brunel University London,368,29.7,98.1,99.6,13.1,55.6,10.7,16.1
2021,297251,Netherlands,Tilburg University,369,29.7,42.5,89,13.9,52.1,15.1,37.5
2021,294158,Russia,Kazan (Volga region) Federal University,370,29.5,69,9.2,82.7,4.3,18.2,7.5
2021,297210,Canada,University of Victoria (UVic),371,29.5,65.3,91.9,4,64.5,16.5,11.4
2021,297071,Australia,Swinburne University of Technology,372,29.4,91.7,98.1,17.6,42.3,14.8,17.9
2021,295180,Pakistan,Pakistan Institute of Engineering and Applied Sciences (PIEAS),373,29.2,,,95.3,35.9,5.3,6.4
2021,297276,United States,"Stony Brook University, State University of New York",374,29.2,72,48.7,33.2,35.9,20.9,8.6
2021,293342,Oman,Sultan Qaboos University,375,29.1,3.8,100,73,12.6,13.2,13.1
2021,297201,New Zealand,University of Waikato,376,29.1,85.3,96.8,10.7,41.4,19.6,16.1
2021,297009,China (Mainland),Nankai University,377,29,6.8,18.3,29.4,59,23.6,4.9
2021,293454,Argentina,Universidad de Palermo (UP),378,29,97.1,32.1,87.6,1.2,8.9,10.1
2021,293867,Malaysia,Taylor's University,379,28.9,86.1,52,41.3,4.5,16.4,60.7
2021,297503,Brazil,Universidade Federal do Rio de Janeiro,380,28.8,1.9,5.9,16,12.7,51.3,20.2
2021,294152,United Kingdom,University of Kent,381,28.8,59.4,97.8,20.5,37.1,20.7,10
2021,297200,United States,Wake Forest University,382,28.8,16.3,8.2,100,19.6,6.7,7.6
2021,294237,India,Indian Institute of Technology Roorkee (IITR),383,28.7,2.7,1.1,11.7,92.7,13.8,19
2021,297597,United Kingdom,Oxford Brookes University,384,28.7,65.9,64.4,14.1,13.1,27.1,57
2021,297565,Italy,University of Pisa,385,28.7,4.9,5.9,9.5,36.2,42.6,18.1
2021,294169,United States,University of Kansas,386,28.7,11.8,32.7,76.5,16,15.9,14.7
2021,297139,New Zealand,Lincoln University,387,28.6,99.5,96.8,43.3,28.8,8.6,7.8
2021,297367,China (Mainland),Shanghai University,388,28.6,6,45.8,56.5,19.3,24.5,8.7
2021,295098,Taiwan,Taipei Medical University (TMU),389,28.6,17.1,20,84.8,22.4,9.9,12
2021,297252,China (Mainland),Tianjin University,390,28.6,4.4,8.3,22.8,77.5,18.3,3.9
2021,295828,Malaysia,UCSI University,391,28.5,81.3,37,55.2,4.4,15.1,44.7
2021,297023,China (Mainland),Beijing Institute of Technology,392,28.4,8.4,5,40.6,49.7,20.7,12.5
2021,296751,South Korea,HUFS - Hankuk (Korea) University of Foreign Studies ,393,28.4,41.9,37.1,81.6,2.2,12.2,26.7
2021,294819,Italy,University of Naples - Federico II,394,28.4,1.1,2.8,5.9,59.7,33.9,13.9
2021,296537,Italy,Università Vita-Salute San Raffaele,395,28.4,4,2.6,99.6,31.3,3.9,1.6
2021,294971,China (Mainland),Huazhong University of Science and Technology,396,28.2,5.5,12.6,16.2,63.8,20,31.7
2021,297566,Philippines,University of the Philippines,397,28.2,1.4,1.4,48.4,2.4,34.1,40.8
2021,294098,Australia,La Trobe University,398,28.1,96.8,96.4,7.8,32.6,20,22.4
2021,297277,France,Université de Strasbourg,399,28.1,40.8,40.5,6.8,23.4,42.8,6.7
2021,295082,United States,"University of Colorado, Denver ",400,28.1,10.9,4.3,100,15.4,8.6,6.5
2021,295116,Russia,Peter the Great St. Petersburg Polytechnic University,401,28,84.9,18,81.4,4.3,11.4,9.8
2021,293643,Russia,National Research Tomsk Polytechnic University,402,28,80,11,83.4,6.9,10.1,11.9
2021,296762,South Korea,Chung-Ang University (CAU),403,27.9,28.4,14.8,74.4,11.9,13.6,28.4
2021,294878,Germany,Johannes Gutenberg Universit01t Mainz,404,27.9,20.1,32.8,53.4,20.8,22,14.2
2021,294136,Japan,Kobe University,405,27.9,9.7,7.2,52.8,15.5,24.4,34.8
2021,297238,Italy,University of Trento,406,27.9,6,24.4,15.7,54.7,27.5,11.8
2021,297182,South Africa,University of Witwatersrand,407,27.9,10.2,82.6,12.6,38.2,25.2,28.8
2021,297603,Finland,University of Oulu,408,27.7,8.1,52,31.8,49.4,16.5,16.9
2021,297394,Iran,Sharif University of Technology,409,27.6,2.7,4.5,9.8,87.9,11.9,27.4
2021,913795,Finland,Tampere University,410,27.6,7.1,31.3,26,38.7,25.6,23.4
2021,294620,Egypt,The American University in Cairo,411,27.5,3.1,93.1,43.5,5.8,24.6,28.4
2021,294434,United Kingdom,"Essex, University of",412,27.5,99.2,99.6,11.2,33.9,18.7,9
2021,297195,United States,Washington State University,413,27.5,9.2,61.3,15.7,38,27.9,19
2021,297113,Australia,Bond University,414,27.4,98.9,98.3,52.7,21.5,4.4,8.2
2021,297230,United States,Tulane University,415,27.4,20,14.7,86.6,16.5,10.7,5.7
2021,294032,United Kingdom,"Goldsmiths, University of London",416,27.2,96.4,86.7,18.3,26.7,20,8.7
2021,294807,Taiwan,National Sun Yat-sen University,417,27.2,10.2,15.6,33.8,36.1,25,18.2
2021,294564,United States,"University of California, Santa Cruz",418,27.2,14.8,55.8,7.9,67.8,19.9,4.5
2021,297236,Norway,University of Troms03 The Arctic University of Norway,419,27.2,8.9,72.5,75.3,12.1,13.2,2.3
2021,294083,Canada,Université Laval,420,27.1,29.8,69.1,29.1,28.9,20.1,23.5
2021,293558,Brazil,Universidade Federal de S00o Paulo,421,27.1,1.7,6.2,96.9,10.8,11.4,4.6
2021,294215,United States,University of Iowa,422,27.1,12,18.6,46.2,31.3,21.9,11.6
2021,294415,Australia,Flinders University,423,27,95.6,96.7,6,47.8,14.1,8
2021,297067,Lithuania,Vilnius University ,424,27,4.9,10.9,74.6,5.9,19.6,21.6
2021,296634,France,University of Bordeaux,425,26.9,37.8,49.6,34.5,10.7,32,5.2
2021,294247,United States,Illinois Institute of Technology,426,26.8,99.6,23,15.5,51.4,16.2,6.1
2021,296872,Colombia,Pontificia Universidad Javeriana,427,26.8,1.9,5.1,19.4,2.6,34.5,81
2021,294116,Russia,The National University of Science and Technology MISIS,428,26.6,75.9,15.7,73.8,10.1,9.1,14.4
2021,294754,Portugal,Universidade Nova de Lisboa,429,26.6,47.1,25.6,27.2,21.6,26.2,25.9
2021,297284,Switzerland,University of St.Gallen (HSG),430,26.6,83,100,8.3,29.4,9.5,59.8
2021,294525,Portugal,University of Coimbra,431,26.5,50.4,10,16,37.1,28.6,12.6
2021,297125,Czechia,Czech Technical University in Prague,432,26.4,48.1,24.4,49.5,7.5,18.4,38.9
2021,294548,Peru,Pontificia Universidad Catolica del Peru,433,26.4,1.7,4.6,23.4,1.9,36.6,62.7
2021,294412,Italy,University of Florence,434,26.4,21.2,8.5,7.5,44.4,34.4,6.5
2021,297258,United States,"The University of Tennessee, Knoxville",435,26.4,3.5,5.5,16.2,74.4,11.5,30.5
2021,296994,China (Mainland),Xiamen University,436,26.4,4.1,6.6,25.3,48.1,25.9,7
2021,297138,New Zealand,Auckland University of Technology (AUT),437,26.2,100,100,13.5,15.1,20.4,21.6
2021,297179,Germany,Julius-Maximilians-Universit01t Würzburg,438,26.2,11.1,47.4,5.9,75.4,15.8,5.1
2021,294494,Ireland,Dublin City University,439,26,45,68.5,35.9,15.5,17.7,28.4
2021,297475,Germany,Ruhr-Universit01t Bochum,440,26,32.3,27.4,2.2,59.8,22.6,14.7
2021,297140,Malaysia,Universiti Teknologi PETRONAS (UTP),441,26,22.5,83,32.5,25.6,15,29.8
2021,297592,South Africa,University of Johannesburg,442,26,49,86.8,43.2,16.6,12.9,19.7
2021,294521,United States,Colorado State University,443,25.9,6.8,24.8,54.3,21.3,18.3,16.8
2021,294618,Argentina,Universidad Austral,444,25.9,5.4,6,79.5,2.1,13.4,35.3
2021,294127,Germany,Universit01t Konstanz,445,25.9,24.1,63.9,33.9,22.4,23.5,7.3
2021,294604,Israel,Ben-Gurion University of The Negev,446,25.8,18.8,67.6,15.5,52.5,15.5,15.3
2021,294590,United States,Brandeis University,447,25.8,80.5,16.8,47.5,30.3,11.6,6.2
2021,294974,China (Mainland),University of Science and Technology Beijing,448,25.8,3.6,4,14.3,73.7,18.1,4.3
2021,297021,China (Mainland),Beihang University (former BUAA),449,25.7,5.9,9,27.4,64.3,15,4.9
2021,294568,United States,"University of California, Riverside",450,25.7,10.4,69.2,11.7,57.6,17.5,7.1
2021,296465,Spain,Universidad Politécnica de Madrid (UPM),451,25.6,34.5,3.4,21.5,12.5,28.4,53.5
2021,297479,Germany,Saarland University,452,25.6,42.9,15.9,74.6,12,11.6,5.3
2021,294063,Belgium,Université de Liège,453,25.6,53.8,47.9,22.7,32.8,18.3,19.9
2021,297105,United States,Boston College,454,25.5,19.5,22.7,37,24.1,22.6,19.7
2021,297404,Pakistan,Quaid-i-Azam University,455,25.5,1.5,3.2,2.4,84.5,13.7,22.7
2021,296757,South Korea,Dongguk University ,456,25.4,29.3,11.5,81.1,10.7,9.9,8.7
2021,294402,United States,Florida State University,457,25.4,4.8,15.7,12.9,31.3,26.8,46.6
2021,296664,Belgium,Hasselt University ,458,25.4,25.3,60.2,74,21.5,3.8,3.4
2021,297281,South Africa,Stellenbosch University,459,25.4,10,25.1,3.9,49.6,25.3,26.9
2021,297168,South Korea,The Catholic University of Korea ,460,25.4,4.7,2.6,96.2,16.9,5,2.4
2021,296820,Australia,University of Canberra,461,25.4,78.4,98.2,4,41.9,15,12
2021,297518,Australia,James Cook University,462,25.3,51.6,90,8.1,48.5,14.2,11
2021,297000,China (Mainland),South China University of Technology,463,25.3,5.2,13.6,18.8,75.6,12.6,3.3
2021,297637,Uruguay,Universidad ORT Uruguay,464,25.3,2,24.3,89.9,1.4,9.8,16.8
2021,297068,Turkey,Ko04 University,465,25.2,6.8,32.8,47.5,19.5,16.6,30.7
2021,294816,Taiwan,National Central University,466,25.2,22.1,15.4,32.8,31.4,21.3,18.2
2021,294605,Argentina,Universidad de Belgrano,467,25.2,36.5,7,91,1.1,6.5,18.2
2021,296893,Canada,University of Saskatchewan,468,25.2,51.3,76.6,26.5,38.7,11.7,8.9
2021,297175,Japan,Yokohama City University,469,25.2,2.5,4.5,99.9,10.2,6,2.4
2021,294241,India,Indian Institute of Technology Guwahati (IITG),470,25.1,1.4,,15.9,77.2,11.9,15
2021,296646,Finland,Lappeenranta-Lahti University of Technology LUT,471,25.1,25.5,47.6,20.4,64.3,7,15.4
2021,294285,Germany,Martin-Luther-Universit01t Halle-Wittenberg,472,25.1,11.5,,84.1,8.1,13.5,5
2021,297444,United States,Rensselaer Polytechnic Institute,473,25.1,52.4,14.7,24.9,60.3,9.6,7.6
2021,297274,United Kingdom,Swansea University,474,25,53.8,72.8,35.1,23.5,13.5,14
2021,297377,Saudi Arabia,Umm Al-Qura University,475,25,20.5,100,62.4,2.3,12.8,7.7
2021,297041,Australia,Western Sydney University,476,25,59.1,100,7.7,26.4,19,24.4
2021,296805,Iran,Amirkabir University of Technology,477,24.8,2.4,8.2,5.6,96,5,18.3
2021,294518,Canada,Concordia University,478,24.8,91.2,79.6,4.2,30.3,14.7,33.8
2021,294624,Greece,National Technical University of Athens,479,24.8,6.8,1.5,7.2,58.3,18.5,37.2
2021,293700,Cyprus,University of Cyprus (UCY),480,24.8,25.5,78.7,6.5,70.7,9.3,3.2
2021,296999,Ukraine,V. N. Karazin Kharkiv National University,481,24.8,70.9,1.4,72.9,1.9,11.2,15.9
2021,294766,United States,Wayne State University,482,24.8,9,16.2,73.5,20.4,10.2,5.3
2021,294065,Germany,Universit01t  Leipzig,483,24.7,18.2,,53.3,11.2,25,7.2
2021,294851,United States,"University of Missouri, Columbia",484,24.7,5.5,46.2,46,22.5,17,14.5
2021,294646,United Kingdom,Aberystwyth University,485,24.6,57.6,57.1,25.6,46.1,9.6,5.7
2021,297386,China (Mainland),Shandong University,486,24.6,4.6,10,20.9,57.4,15.5,18.6
2021,297280,United Kingdom,University of Stirling,487,24.6,69.7,71.4,19.2,38.6,11.1,13.7
2021,294537,Japan,Chiba University,488,24.5,5.9,6.9,70,15.7,15,6.1
2021,294963,Taiwan,National Taipei University of Technology,489,24.5,21.1,24.9,34.6,33.5,12.7,33.1
2021,295113,Kazakhstan,Auezov South Kazakhstan University (SKU),490,24.4,23.8,21.4,88.9,1,8.1,7.5
2021,297290,South Korea,Sogang University,491,24.4,27.5,10.1,43.3,12.9,17.8,40.6
2021,297121,Uruguay,Universidad de Montevideo (UM),492,24.3,3.6,20.6,79.9,1.2,12.7,16.5
2021,294682,Taiwan,Chang Gung University,493,24.2,7,3.1,59.6,46.6,4.7,4.2
2021,293893,Russia,Far Eastern Federal University,494,24.2,56,18.7,85.4,2.3,6.3,3.1
2021,294186,China (Mainland),Jilin University,495,24.2,3.2,12.4,49.9,25.2,14.9,23.1
2021,297287,China (Mainland),Southeast University,496,24.2,4.8,9.9,35.8,54.3,12.2,3.9
2021,297517,Brazil,UNESP,497,24.2,2.1,5.3,32,16.2,30.8,16.9
2021,293444,Cuba,Universidad de La Habana,498,24.1,5.5,2.4,70.5,2.4,16,25.8
2021,297522,United States,Oregon State University,499,23.9,18.7,32.6,31.5,35,17.8,7.3
2021,296405,Spain,Universidad de Alcalá,500,23.9,70.6,22.4,58.6,10.6,9.8,13.2
2021,294115,Finland,University of Eastern Finland,501,23.9,7.3,25.8,42.9,33.5,14.7,9
2021,294141,Germany,Christian-Albrechts-University zu Kiel,502,n/a,,,51.6,19,18.6,
2021,297016,China (Mainland),East China Normal University,503,n/a,26.3,72.8,31.9,31.6,,
2021,294259,Japan,Hitotsubashi University,504,n/a,20.7,22,26.5,,18,77.8
2021,294337,United States,The University of Georgia,505,n/a,,,,36.7,23.8,28.4
2021,294309,Spain,University of Granada,506,n/a,18.9,,,22.6,37.3,
2021,297429,Chile,Universidad de Santiago de Chile (USACH),507,n/a,,,,,34.6,60.8
2021,297124,Spain,Universidad de Zaragoza,508,n/a,,,57.4,,19.9,
2021,297143,Lebanon,University of Balamand,509,n/a,20.3,,90.5,,,
2021,294517,United States,University of Connecticut,510,n/a,29,41.7,,39,,
2021,294501,India,University of Delhi,511,n/a,,,,19.3,34.7,37.8
2021,297272,Hungary,University of Szeged,512,n/a,60.1,,52.7,,17.8,
2021,294627,United Kingdom,Aston University,513,n/a,35.6,95.8,,27.5,,37.5
2021,297648,Singapore,Singapore Management University,514,n/a,55.7,100,,27.8,,20.3
2021,294854,Italy,Università02Cattolica del Sacro Cuore,515,n/a,,,30.9,,25.1,35.1
2021,297487,Italy,"University of Rome ""Tor Vergata""",516,n/a,19.4,,,30,32.9,
2021,294791,France,Aix-Marseille University,517,n/a,23.6,21.4,,19.8,34.8,
2021,309623,France,Université de Montpellier,518,n/a,35,22.3,,39.8,20.1,
2021,294797,Austria,University of Klagenfurt,519,n/a,73,92.4,47.1,,,
2021,294053,Ireland,University of Limerick,520,n/a,22.4,84.7,,28.7,,24.9
2021,297199,Poland,Warsaw University of Technology,521,n/a,,,27.4,,24.7,53
2021,294643,Indonesia,Airlangga University,522,n/a,,20.7,39.4,,24.3,35.3
2021,293876,Saudi Arabia,Imam Abdulrahman Bin Faisal University (IAU),523,n/a,,96,74.7,,,
2021,296471,Russia,National Research Saratov State University,524,n/a,,,95.9,,,
2021,297478,Turkey,Sabanci University,525,n/a,,48.3,36.8,19.9,,21.4
2021,297229,Italy,University of Turin,526,n/a,,,,36.8,31.2,
2021,294607,Germany,University of Bayreuth,527,n/a,25.9,45.5,34.3,32.3,,
2021,297396,Hungary,University of Debrecen,528,n/a,88.5,,41.9,,17.2,
2021,293783,Italy,University of Milano-Bicocca ,529,n/a,,,,63,19.6,
2021,297163,South Korea,University of Ulsan ,530,n/a,,,64.8,32.6,,
2021,297389,Indonesia,IPB University (aka Bogor Agricultural University),531,n/a,,57.4,47.2,,17.6,21.7
2021,297122,South Korea,Inha University,532,n/a,,,75.9,,,
2021,294327,Germany,Justus-Liebig-University Giessen,533,n/a,,,,74.8,,
2021,297103,Czechia,Masaryk University,534,n/a,68.5,30.6,,,22.8,22.4
2021,294833,Japan,Nagasaki University,535,n/a,,,83.2,,,
2021,294972,China (Mainland),Northwestern Polytechnical University,536,n/a,,26.9,59.1,33.2,,
2021,297004,China (Mainland),Sichuan University,537,n/a,,20.7,24.7,42.8,17.7,
2021,293429,Cuba,"Universidad Central ""Marta Abreu"" de Las Villas",538,n/a,,,99.6,,,
2021,294872,Malaysia,Universiti Utara Malaysia (UUM),539,n/a,74.9,22.6,41.5,,,
2021,295219,United States,University of Texas Dallas,540,n/a,49.2,17.9,,45.8,,
2021,297127,Canada,York University,541,n/a,74.6,24.6,,,21.4,30.4
2021,294512,United Kingdom,Coventry University,542,n/a,99.6,72.2,,,,42.9
2021,293278,France,Institut National des Sciences Appliquées de Lyon (INSA),543,n/a,81.8,32.1,41,,,25.3
2021,294222,United States,Iowa State University,544,n/a,,,,44.8,19.1,
2021,294779,Japan,Niigata University,545,n/a,,,87.1,,,
2021,297633,Japan,Osaka City University,546,n/a,,,71.9,,,
2021,295111,Kazakhstan,Satbayev University,547,n/a,,,69.6,,,19.5
2021,294589,Germany,Universit01t Bremen,548,n/a,20.5,39.9,,27.5,20.1,
2021,297551,France,Universite Paris-Pantheon-Assas,549,n/a,24,,83.8,,,
2021,297144,Lebanon,Saint Joseph University of Beirut (USJ) ,550,n/a,17,84,44.1,,,39.5
2021,294503,United States,University of Delaware,551,n/a,20.5,35.9,,57.3,,
2021,296433,South Korea,Ajou University ,552,n/a,,,56.8,22.5,,
2021,296784,Israel,Bar-Ilan University,553,n/a,,59.9,,57.4,,
2021,294598,Turkey,Bilkent University,554,n/a,,58.8,,24.8,18.5,23
2021,296752,South Korea,Hallym University ,555,n/a,,,87.4,,,
2021,296429,South Korea,Konkuk University ,556,n/a,,,65.2,,,
2021,297147,Lebanon,Lebanese American University,557,n/a,45.6,96.6,29.9,,,36.5
2021,297601,United States,Lehigh University,558,n/a,39.3,,37.1,40.6,,
2021,295796,Malaysia,Management and Science University,559,n/a,41.8,58.1,41.5,,,28.1
2021,297265,Germany,Technische Universit01t Braunschweig,560,n/a,30,,62.1,,,
2021,297239,France,Université Paul Sabatier Toulouse III,561,n/a,27.6,,46.9,,19.8,
2021,297040,Australia,Victoria University ,562,n/a,86,45.8,,50,,
2021,294576,Egypt,Cairo University,563,n/a,,,,,35.9,34.6
2021,294119,Japan,Kumamoto University,564,n/a,,,76.1,,,
2021,294104,South Korea,Kyungpook National University,565,n/a,,,49.3,18.6,,
2021,297650,United States,The New School,566,n/a,93.3,,49.1,,,
2021,297255,Thailand,Thammasat University,567,n/a,,,33.7,,22.4,38.4
2021,294710,Colombia,Universidad Externado de Colombia ,568,n/a,,,57.7,,,46.4
2021,297560,United States,University of Nebraska - Lincoln,569,n/a,31.4,73.8,,33.2,,
2021,297493,South Africa,University of Pretoria,570,n/a,,46,,25.4,22.7,34.8
2021,296649,Finland,Abo Akademi University,571,n/a,17.6,41.5,39.4,27.9,,
2021,296470,Russia,Altai State University,572,n/a,37.9,,79.4,,,
2021,294652,Greece,Aristotle University of Thessaloniki,573,n/a,,,,34.8,25.3,22.1
2021,294976,China (Mainland),China University of Geosciences,574,n/a,,,61.9,31.5,,
2021,296993,Hong Kong SAR,"Lingnan University, Hong Kong",575,n/a,65.8,100,24.8,20.8,,
2021,297514,Australia,Murdoch University,576,n/a,58.4,80.5,,38.8,,
2021,294737,Japan,Okayama University,577,n/a,,,67.3,,,
2021,294681,Costa Rica,Universidad de Costa Rica,578,n/a,,,29.2,,25.5,42.3
2021,293506,Mexico,Universidad Panamericana (UP),579,n/a,,,68.4,,,30.2
2021,296894,Canada,University of Guelph,580,n/a,,49.8,,38.4,,28.3
2021,297481,United States,University of South Carolina,581,n/a,,47.5,,35.5,17.1,19.2
2021,297558,United States,Clark University,582,n/a,57.1,,33.4,42.3,,
2021,294307,Austria,Karl-Franzens-Universitaet Graz,583,n/a,33,50.2,,18.7,19.8,
2021,294138,United Kingdom,"Kingston University, London",584,n/a,97.1,74.1,,,,
2021,294811,Taiwan,National Chengchi University,585,n/a,53.8,,28.9,,18.6,30.1
2021,297483,South Korea,Pusan National University,586,n/a,,,27.2,25,18.7,
2021,297005,China (Mainland),Renmin (People's) University of China,587,n/a,,,,,23.7,39.2
2021,297392,Spain,Universidad de Sevilla,588,n/a,,,,,32.7,
2021,296494,Portugal,University of Aveiro,589,n/a,,,,56.7,,
2021,297480,United States,University of South Florida,590,n/a,29.3,37.8,,38.9,,
2021,296089,Australia,Central Queensland University (CQUniversity Australia),591,n/a,98.5,94.8,,,,
2021,297017,China (Mainland),Dalian University of Technology,592,n/a,,,,62.5,,
2021,294533,South Korea,Jeonbuk National University,593,n/a,,,53.5,,,
2021,294171,Japan,Kanazawa University,594,n/a,,,63,,,
2021,293621,Kazakhstan,Kazakh National Agrarian University KazNAU,595,n/a,18.4,29.5,62,,,
2021,295889,Czechia,Palack05 University Olomouc,596,n/a,18.8,35.4,42.7,,,
2021,295946,Russia,Samara National Research University (Samara University),597,n/a,18,,80.8,,,
2021,295118,Russia,Southern Federal University,598,n/a,24.5,,75.5,,,
2021,297214,Spain,Universitat de Valencia,599,n/a,,,,23.2,28.6,
2021,296408,Portugal,University of Minho,600,n/a,18,24.5,42.6,,,
2021,297117,Iran,University of Tehran,601,n/a,,,,43.6,20.3,22.1
2021,296682,United Arab Emirates,American University in Dubai,602,n/a,100,100,,,,18
2021,294626,Philippines,Ateneo de Manila University,603,n/a,,,40.2,,,36.6
2021,294614,United Kingdom,Bangor University,604,n/a,60.8,57.5,,33.8,,
2021,294556,Canada,Carleton University,605,n/a,47.3,33.5,,43.3,,
2021,294538,Thailand,Chiang Mai University,606,n/a,,,,,30,25.9
2021,294495,United States,Drexel University,607,n/a,23.4,,34.1,29.6,,
2021,297015,China (Mainland),East China University of Science and Technology,608,n/a,,,,59.3,,
2021,294013,Hungary,E02tv02s Loránd University,609,n/a,25.5,,,,23.4,
2021,294325,Japan,Gifu University,610,n/a,,,76.1,,,
2021,297150,Lebanon,Holy Spirit University of Kaslik ,611,n/a,35.1,98.7,47.7,,,
2021,297013,China (Mainland),Hunan University ,612,n/a,,,,63.6,,
2021,295447,India,Indian Institute of Technology Hyderabad (IITH),613,n/a,,,31,54.1,,
2021,294200,Argentina,Instituto Tecnológico de Buenos Aires (ITBA),614,n/a,18.5,19.7,54.7,,,25.5
2021,297111,Malaysia,International Islamic University Malaysia (IIUM),615,n/a,65.6,27.2,,,18.8,
2021,296801,Iran,Iran University of Science and Technology,616,n/a,,,,78.3,,
2021,378434,Georgia,Ivane Javakhishvili Tbilisi State University,617,n/a,,,81.7,,,
2021,295038,China (Mainland),Jinan University (China),618,n/a,86.1,51,,42.1,,
2021,293628,Kazakhstan,Abai Kazakh National Pedagogical University,619,n/a,,32,57.2,,,
2021,296685,Saudi Arabia,King Khalid University,620,n/a,,100,53.2,,,
2021,296551,Italy,Free University of Bozen-Bolzano,621,n/a,32.6,95.7,,39,,
2021,295629,Russia,Lobachevsky University,622,n/a,19,,68.9,,,
2021,297446,United States,Michigan Technological University,623,n/a,21.5,,27.4,40.4,,
2021,296110,Turkey,Middle East Technical University,624,n/a,,,,19.9,23.3,39.3
2021,294803,United States,Missouri University of Science and Technology,625,n/a,17,62.6,,57.8,,
2021,294808,Taiwan,National Chung Hsing University,626,n/a,,,27.1,22.9,,
2021,293144,China (Mainland),Shenzhen University,627,n/a,,,61.4,,,
2021,297291,United States,Smith College,628,n/a,23.3,,72.5,,,
2021,293750,Bulgaria,"Sofia University ""St. Kliment Ohridski""",629,n/a,,,53.4,,,
2021,297591,United States,Syracuse University,630,n/a,56.3,,,20.7,,19.8
2021,294139,Ukraine,Taras Shevchenko National University of Kyiv,631,n/a,,,42.1,,,28.8
2021,296774,Japan,Tokushima University,632,n/a,,,70.7,,,
2021,296772,Japan,Tokyo University of Agriculture and Technology ,633,n/a,,,,48.8,,
2021,296383,United Kingdom,Ulster University,634,n/a,17.1,99.4,,19.3,,
2021,296834,Chile,Universidad de Concepción,635,n/a,,,,,23.1,40.8
2021,297474,Spain,University of Salamanca,636,n/a,28.1,,,,24.7,
2021,297512,Italy,Università degli Studi di Pavia,637,n/a,,,,36.2,22.2,
2021,309672,Spain,Universitat Ramon Llull,638,n/a,38,94.3,,,,44.2
2021,297455,Germany,Universit01t Regensburg,639,n/a,,,55.4,,,
2021,297641,Switzerland,Université de Fribourg,640,n/a,48.7,100,,27.2,,
2021,297463,Canada,Université du Québec,641,n/a,,42.9,,25.7,22.6,18.9
2021,913867,France,Université C00te d'Azur,642,n/a,50.8,60.8,,26.4,,
2021,294591,United Kingdom,University of Bradford,643,n/a,79.4,46.3,,23.9,,
2021,294528,United States,University of Cincinnati,644,n/a,,,30.8,28.9,,
2021,294253,United Kingdom,University of Hull,645,n/a,46.1,63.2,,28.1,,
2021,295192,Jordan,University of Jordan,646,n/a,32.1,22.9,,,24.4,34.1
2021,294149,United States,University of Kentucky,647,n/a,,18,25.3,31.9,,
2021,294040,Slovenia,University of Ljubljana,648,n/a,,,41.4,,19.7,
2021,294870,Canada,University of Manitoba,649,n/a,32.3,,42.7,,,
2021,294790,United States,University of New Mexico,650,n/a,,,24.1,30.8,,
2021,297643,United States,University of Oregon,651,n/a,16.7,,,27.8,17.3,
2021,297495,United Kingdom,University of Portsmouth,652,n/a,74.7,76.3,,,,18.1
2021,293354,United Arab Emirates,University of Sharjah,653,n/a,100,100,,,,
2021,297611,United States,University of Vermont,654,n/a,,,65,21.1,,
2021,294637,United States,American University,655,n/a,18.7,,36.2,,,18.9
2021,295558,Bahrain,Applied Science University - Bahrain,656,n/a,37.6,100,30.9,,,
2021,294982,China (Mainland),Beijing University of Technology,657,n/a,,,45.1,22,,
2021,297652,Turkey,Bogazi04i 05niversitesi,658,n/a,,,,21.6,18.6,37.6
2021,294585,Czechia,Brno University of Technology,658,n/a,63.5,,25.7,,,29.1
2021,297020,China (Mainland),Central South University,659,n/a,,,,62.3,,
2021,294508,United States,City University of New York,660,n/a,,,,,28.6,
2021,296821,Australia,Edith Cowan University ,661,n/a,88.2,62.1,,20.3,,
2021,297531,United States,Howard University,662,n/a,,,66.5,,,
2021,297316,India,Jadavpur University,663,n/a,,,,45.8,,
2021,293330,Jordan,Jordan University of Science & Technology,664,n/a,36.1,,26.1,,,22.7
2021,294173,Japan,Kagoshima University,665,n/a,,,71.1,,,
2021,295144,Pakistan,Lahore University of Management Sciences (LUMS),666,n/a,,,25.8,,,51.7
2021,294274,Germany,Leibniz University Hannover,667,n/a,37.7,29.9,,,20.3,19.3
2021,294623,Greece,National and Kapodistrian University of Athens,668,n/a,,,,25.3,21.5,26
2021,293830,Ukraine,"National Technical University  ""Kharkiv Polytechnic Institute""",669,n/a,,,67.9,,,
2021,294770,United Kingdom,Northumbria University at Newcastle,670,n/a,48.3,45.2,,18.6,,21.9
2021,294371,India,O.P. Jindal Global University,671,n/a,,29.6,53.4,,,21.2
2021,297328,Japan,Osaka Prefecture University ,672,n/a,,,55.9,19,,
2021,371278,Slovakia,Pavol Jozef 07afárik University in Ko08ice,673,n/a,58.5,,63.2,,,
2021,294868,Germany,Philipps-Universit01t Marburg ,674,n/a,26.5,17.9,,33.3,,
2021,297502,Brazil,Pontifícia Universidade Católica do Rio de Janeiro,675,n/a,,,,,26.2,
2021,297488,India,Savitribai Phule Pune University,676,n/a,,,48.6,,,
2021,296716,South Korea,Sejong University ,677,n/a,20.1,24.3,,26.5,,20.7
2021,297002,China (Mainland),Soochow University,678,n/a,,,,50.8,,
2021,297270,Estonia,Tallinn University of Technology (TalTech),679,n/a,28,37.3,27,,,
2021,297247,Japan,Tokyo Metropolitan University,680,n/a,,,37.8,19.5,,
2021,294636,Mexico,Universidad Anáhuac México,681,n/a,,,50.9,,,33.1
2021,296871,Colombia,Universidad de Antioquia,682,n/a,,,,,24.9,53.3
2021,296880,Colombia,Universidad ICESI,683,n/a,,,65.3,,,
2021,296825,Argentina,Universidad Nacional de La Plata (UNLP),684,n/a,,,,,30,
2021,293508,Colombia,Universidad Pontificia Bolivariana ,685,n/a,,,55.9,,,26.9
2021,293896,Spain,Comillas Pontifical University,686,n/a,,17.4,38.6,,,43.9
2021,297243,Argentina,Universidad Torcuato Di Tella,687,n/a,55.6,28.7,24,,,30.4
2021,296865,Brazil,Universidade Federal de Minas Gerais      ,688,n/a,,,,,27.7,
2021,294360,Italy,University of Genoa,689,n/a,,,,33.7,17.3,
2021,297347,Italy,University of Siena,690,n/a,19.6,,,43.1,,
2021,296584,Germany,University of Hohenheim,691,n/a,27.4,18.9,,48.7,,
2021,297097,Malaysia,Universiti Teknologi MARA - UiTM,692,n/a,,,,,22.7,49.3
2021,294500,United States,University of Denver,693,n/a,,,50.4,19.1,,
2021,297058,India,University of Hyderabad,694,n/a,,,,43.1,,
2021,293778,United States,University of Massachusetts Boston,695,n/a,24.2,,,33.7,,
2021,296666,Belgium,University of Mons ,696,n/a,32.3,31.5,,53.4,,
2021,294734,United States,University of Oklahoma,697,n/a,,26.6,26.4,32.3,,
2021,297401,Hungary,University of Pecs,698,n/a,70,,38.5,,,
2021,297557,United Kingdom,University of Plymouth,699,n/a,28.6,50.1,,31.3,,
2021,297186,United Kingdom,University of Westminster,700,n/a,100,79.3,,,,
2021,293792,Lithuania,Vilnius Gediminas Technical University (VILNIUS TECH),701,n/a,18.7,,37.8,,,19.1
2021,297207,United States,Virginia Commonwealth University,702,n/a,,,46.2,19.9,,
2021,294524,United States,College of William and Mary,703,n/a,,,36.1,22,,
2021,294729,United Arab Emirates,Abu Dhabi University,704,n/a,100,100,,,,
2021,294731,United Arab Emirates,Ajman University,705,n/a,100,100,,,,
2021,297046,Australia,Charles Darwin University ,707,n/a,88.9,58.9,,26.7,,
2021,297019,China (Mainland),China Agricultural University ,708,n/a,,,25.2,42.1,,
2021,294532,South Korea,Chonnam National University,709,n/a,,,35.5,22.5,,
2021,295245,Slovakia,Comenius University Bratislava,710,n/a,24.5,,44.4,,,
2021,294288,Japan,Gunma University,711,n/a,,,61.3,,,
2021,293370,Mexico,Instituto Politécnico Nacional (IPN),712,n/a,,,,,18,46.8
2021,297635,Mexico,Instituto Tecnológico Autónomo de México (ITAM),713,n/a,,55.8,,,,45
2021,294883,United States,Kansas State University ,714,n/a,,41.3,,23,,
2021,295787,Taiwan,Kaohsiung Medical University,715,n/a,,,42.5,23.8,,
2021,297527,United Kingdom,Keele University,716,n/a,34.3,49.2,24.5,25.6,,
2021,297145,Lebanon,Lebanese University,717,n/a,35,46.6,,,,30.7
2021,294004,United States,Louisiana State University,718,n/a,,,,38.8,,
2021,295514,Macau SAR,Macau University of Science and Technology,719,n/a,100,100,,19.2,,
2021,297064,Ireland,Maynooth University,720,n/a,19.4,83.3,,18.9,,
2021,296898,Canada,Memorial University of Newfoundland,721,n/a,59.1,29.4,,26.7,,
2021,371309,Czechia,Mendel University in Brno,722,n/a,50.7,,42,,,
2021,294856,United Kingdom,Middlesex University,723,n/a,79.3,86.4,,,,
2021,294977,China (Mainland),Nanjing University of Science and Technology,724,n/a,,,,44.2,,
2021,293591,Ukraine,"National Technical University of Ukraine ""Igor Sikorsky Kyiv Polytechnic Institute""",725,n/a,,,41.1,,,26.1
2021,888850,Lebanon,Notre Dame University-Louaize NDU,726,n/a,25.9,84.9,26.4,,,23.4
2021,293864,Latvia,Riga Technical University,727,n/a,37.5,17,28.2,,,19.8
2021,295864,Russia,Saint Petersburg Electrotechnical University ETU-LETI,728,n/a,50.7,,58.6,,,
2021,297616,United States,Southern Methodist University,729,n/a,27.6,,41.3,,,
2021,297562,United States,Stevens Institute of Technology,730,n/a,95.5,42.7,,32.1,,
2021,293892,Ukraine,Sumy State University,731,n/a,52.5,,55.7,,,
2021,297555,Malaysia,Sunway University,732,n/a,23.8,42.1,36.2,,,28.4
2021,297259,United States,Temple University,733,n/a,,,,20.8,,
2021,294642,Chile,Universidad Adolfo Ibá09ez,734,n/a,,39.8,,,,63.2
2021,296833,Argentina,Universidad de San Andrés - UdeSA,735,n/a,,,54.5,,,25.7
2021,294249,Mexico,Universidad Iberoamericana IBERO,736,n/a,,,25.4,,,41.7
2021,293507,Peru,Universidad Peruana Cayetano Heredia (UPCH),737,n/a,,,51.9,,,
2021,297434,Spain,Universidade de Santiago de Compostela,738,n/a,,,,22.1,20,
2021,295200,Brazil,Universidade Federal do Rio Grande Do Sul ,739,n/a,,,,,25.5,
2021,297237,Italy,University of Trieste,740,n/a,,,,41.4,,
2021,296569,Germany,Universit01t Rostock,741,n/a,17,,52.6,,,
2021,293992,France,Université Claude Bernard Lyon 1,742,n/a,,,,22.5,19.6,
2021,296896,Canada,Université de Sherbrooke,743,n/a,,59.1,25.1,19.7,,18
2021,294656,Malaysia,Universiti Tenaga Nasional (UNITEN),744,n/a,18.8,18.9,37,,,
2021,294406,United States,University of Central Florida,745,n/a,,,,26.5,,25.7
2021,294979,China (Mainland),University of Electronic Science and Technology of China,746,n/a,,,,58.1,,
2021,296381,United Kingdom,University of Greenwich,747,n/a,97.9,87.3,,,,
2021,297087,Israel,University of Haifa,748,n/a,,,32.3,,,
2021,294254,United States,University of Houston,749,n/a,,,,37.7,,
2021,297416,United Kingdom,University of Huddersfield,750,n/a,72.9,62.7,,,,19.8
2021,295062,United States,"University of Maryland, Baltimore County",751,n/a,,,,36.3,,
2021,297043,Australia,University of Southern Queensland,752,n/a,43.4,72.6,,25.3,,
2021,297535,United States,Worcester Polytechnic Institute,753,n/a,48.7,24.2,,34.8,,
2021,297638,United Arab Emirates,Zayed University,754,n/a,,100,29.7,,,
2021,294981,China (Mainland),Beijing Jiaotong University,755,n/a,,,,25.7,,
2021,294592,United Kingdom,Bournemouth University,756,n/a,45.2,80.6,,21.3,,
2021,297018,China (Mainland),Chongqing University,757,n/a,,,,44,,
2021,294530,South Korea,Chungnam National University,758,n/a,,,34.6,,,
2021,297397,United States,Clarkson University,759,n/a,,29,,38.5,,
2021,296758,South Korea,Dankook University ,760,n/a,,,59.4,,,
2021,294404,United States,Florida International University,761,n/a,,24.5,,,,22
2021,294343,United States,Georgia State University,762,n/a,,,,29.5,,19.4
2021,295900,United States,Indiana UniversityCPurdue University Indianapolis,763,n/a,,22.1,34.1,,,
2021,294206,Turkey,Istanbul Technical University,764,n/a,,,,,17.6,33.1
2021,295742,India,Jamia Millia Islamia,765,n/a,,,49.8,,,
2021,293622,Kazakhstan,Kazakh-British Technical University,766,n/a,,40.8,37.8,,,
2021,295114,Kazakhstan,NJSC KIMEP University,767,n/a,19.9,82.9,30.7,,,
2021,297533,United Kingdom,London South Bank University,768,n/a,92.4,68.9,,,,
2021,297312,India,"Manipal Academy of Higher Education, Manipal, Karnataka, India",769,n/a,,,54.5,,,
2021,295250,United States,New Jersey Institute of Technology (NJIT),770,n/a,52.1,40.1,,24.2,,
2021,295037,China (Mainland),Northwest University (China),771,n/a,,,47.7,,,
2021,297519,United Kingdom,Nottingham Trent University,772,n/a,49.1,52.4,,,,24.8
2021,295202,United States,Oklahoma State University ,773,n/a,,50.8,,19.7,,
2021,296146,Austria,Paris Lodron University of Salzburg,774,n/a,96.8,,,25.3,,
2021,295117,Russia,Plekhanov Russian University of Economics,775,n/a,22.6,,45.4,,,
2021,296557,Italy,Politecnico di Bari,776,n/a,,,,50.8,,
2021,295923,Saudi Arabia,Prince Mohammad Bin Fahd university,777,n/a,21.1,100,,,,
2021,294166,Spain,Universitat Rovira i Virgili,778,n/a,24.9,,23.9,30.6,,
2021,295063,United States,Rutgers UniversityCNewark,779,n/a,23.5,32.8,,,,
2021,296976,Indonesia,Institut Teknologi Sepuluh Nopember (ITS Surabaya),780,n/a,,53.7,32.5,,,18.1
2021,296819,Australia,Southern Cross University ,781,n/a,73.6,64.7,,27.7,,
2021,295389,Czechia,Technical University of Liberec,782,n/a,,16.9,53.1,,,
2021,293648,Japan,Tokyo University of Science,783,n/a,,,,23.2,,24.3
2021,293426,Venezuela,Universidad Central de Venezuela,784,n/a,,,,,17.6,46.3
2021,296848,Mexico,Universidad de Guadalajara (UDG),785,n/a,,,32.7,,17.1,
2021,294100,Colombia,Universidad de La Sabana,786,n/a,,,,,,47.5
2021,293462,Ecuador,Universidad San Francisco de Quito (USFQ),787,n/a,,64.6,30.9,,,
2021,296460,Spain,University of the Basque Country,788,n/a,,,30.7,,16.7,
2021,296857,Colombia,Universidad del Rosario,789,n/a,,,,,,46.6
2021,297066,Italy,Ca' Foscari University of Venice ,790,n/a,,27.6,,,18.2,20.7
2021,294849,Italy,University of Modena and Reggio Emilia,791,n/a,,,,50.5,,
2021,297567,Italy,Università degli Studi di Perugia,792,n/a,,,,45.7,,
2021,294436,Germany,Universit01t Duisburg-Essen,793,n/a,47.8,35.7,,20.4,,
2021,294487,Germany,University Duesseldorf,794,n/a,18.1,,30.2,,,
2021,397495,France,Université de Lille,795,n/a,21,19.6,,,26,
2021,293851,Malaysia,Universiti Malaysia Pahang,796,n/a,,43.8,,,,
2021,294711,United States,University at Albany SUNY,797,n/a,,,,43.2,,
2021,293775,Italy,University of Brescia,798,n/a,,,,51.8,,
2021,297521,Greece,University of Patras,799,n/a,,,,36.3,,17.9
2021,297161,South Korea,University of Seoul ,800,n/a,,,33.1,,,
2021,297595,United States,University of Tulsa,801,n/a,40.3,,41.2,,,
2021,296897,Canada,University of Windsor,802,n/a,44,,,56.6,,
2021,295689,Poland,"Adam Mickiewicz University, Pozna",803,n/a,,,25.6,,,
2021,892235,Kuwait,American University of the Middle East,803,n/a,16.9,100,,,,
2021,296504,Poland,AGH University of Science and Technology,804,n/a,,,28,,,
2021,297631,Egypt,"Ain Shams University in Cairo (ASU, Cairo)",805,n/a,,18.3,,,16.8,19.7
2021,297619,Egypt,Alexandria University ,806,n/a,,,,,16.7,
2021,295760,India,Aligarh Muslim University,807,n/a,,,27.1,,,
2021,296992,India,Amrita Vishwa Vidyapeetham,808,n/a,,41.8,31.1,,,
2021,297383,Turkey,Ankara 05niversitesi,809,n/a,,,,,,
2021,296811,India,Anna University,810,n/a,,,,45.2,,
2021,294622,Greece,Athens University of Economics and Business,811,n/a,,,,19.2,,32.5
2021,294776,United States,Auburn University,812,n/a,,,,21.5,,
2021,297047,Australia,Australian Catholic University,813,n/a,49,60,,,,
2021,295039,Romania,Babes-Bolyai University,814,n/a,,,,,,
2021,295039,,Babes-Bolyai University,815,n/a,,,,,,
2021,297037,Bangladesh,Bangladesh University of Engineering and Technology,816,n/a,,,,,,22.2
2021,297630,United States,Baylor University,817,n/a,,,,,,
2021,294990,China (Mainland),Beijing Foreign Studies University,818,n/a,32.5,33.6,30.2,,,
2021,297152,Lebanon,Beirut Arab University ,819,n/a,39.8,71.8,,,,
2021,294134,Belarus,Belarusian National Technical University (BNTU),820,n/a,,,31.7,,,26.2
2021,296983,Indonesia,Bina Nusantara University (BINUS),821,n/a,,,,,,
2021,294772,United States,Binghamton University SUNY,822,n/a,21.1,,,24.3,,
2021,294545,United Kingdom,Birmingham City University ,823,n/a,65.7,35.5,,,,
2021,296566,Hungary,Budapest University of Technology and Economics,824,n/a,18.6,,,,,18.9
2021,296822,Australia,Charles Sturt University ,825,n/a,87.5,,,,,
2021,297622,United States,Clemson University,826,n/a,,,,27.6,,20.1
2021,295071,Pakistan,COMSATS University Islamabad,827,n/a,,,,,,
2021,297408,Hungary,Corvinus University of Budapest,828,n/a,33.8,,,,,18.6
2021,296411,Poland,Cracow University of Technology (Politechnika Krakowska),829,n/a,,,29.3,,,
2021,371261,Czechia,Czech University of Life Sciences in Prague,830,n/a,56.2,25.8,,,,
2021,294504,Philippines,De La Salle University,831,n/a,,,,,16.6,26.9
2021,294713,United Kingdom,De Montfort University,832,n/a,90.9,61.6,,,,
2021,293650,United Kingdom,Edinburgh Napier University,833,n/a,82.3,55.5,,,,
2021,294435,Ecuador,Escuela Politécnica Nacional,834,n/a,,,35.6,,,
2021,297583,United States,Fordham University ,835,n/a,29.7,,,,,
2021,371307,Poland,Gdask University of Technology,836,n/a,,,31.9,,,
2021,297427,United States,George Mason University,837,n/a,17.5,,,21.5,,
2021,295596,Jordan,German Jordanian University,838,n/a,26.2,58.2,24.2,,,
2021,296377,United Kingdom,Glasgow Caledonian University,839,n/a,41.7,32.8,,,,
2021,295902,Kuwait,Gulf University for Science and Technology,840,n/a,17.9,100,,,,
2021,297052,Turkey,Hacettepe University ,841,n/a,,,,,,
2021,295006,China (Mainland),Harbin Engineering University,842,n/a,,,35.7,22.4,,
2021,296688,Saudi Arabia,Islamic University of Madinah,843,n/a,100,97,,,,
2021,294202,Turkey,Istanbul University,844,n/a,,,,,20.6,
2021,293626,Kazakhstan,Karaganda State Technical University,845,n/a,,,53.8,,,
2021,294160,Thailand,Kasetsart University,846,n/a,,,,,23.9,20.3
2021,296511,Lithuania,Kaunas University of Technology,847,n/a,,,32.2,,,
2021,293740,Kazakhstan,Kazakh Ablai Khan University of International Relations and World Languages,848,n/a,,,35.6,,,
2021,295215,United States,Kent State University,849,n/a,,18.7,,34.7,,
2021,294143,Thailand,Khon Kaen University,850,n/a,,,,,,
2021,296686,Saudi Arabia,King Faisal University,851,n/a,,99.6,,,,
2021,294702,Thailand,King Mongkut's University of Technology Thonburi ,852,n/a,,,,,,
2021,293341,Kuwait,Kuwait University,853,n/a,29.1,36.7,,,,
2021,294918,Japan,Kyoto Institute of Technology,854,n/a,,,24.9,,,
2021,297331,Japan,Kyushu Institute of Technology ,855,n/a,,,,33.5,,
2021,297012,China (Mainland),Lanzhou University,856,n/a,,,,34.9,,
2021,297505,United Kingdom,Liverpool John Moores University,857,n/a,33.4,45.6,,,,
2021,371281,Poland,Lodz University of Technology,858,n/a,,,34.8,,,
2021,294025,United Kingdom,London Metropolitan University,859,n/a,99,54.6,,,,
2021,294002,United States,Loyola University Chicago,860,n/a,,,26.7,,,
2021,297540,United Kingdom,Manchester Metropolitan University,861,n/a,38.2,39.7,,,,
2021,297142,Malaysia,Multimedia University (MMU),862,n/a,23.5,19.3,,,,
2021,297061,Japan,Nagoya Institute of Technology (NIT),863,n/a,,,,37.2,,
2021,294692,Taiwan,National Chung Cheng University,864,n/a,,,,,,
2021,296059,Ukraine,Lviv Polytechnic National University,865,n/a,,,48.6,,,
2021,296502,Poland,Nicolaus Copernicus University ,866,n/a,,,41.2,,,
2021,295855,Russia,Novosibirsk State Technical University,867,n/a,53.9,,25.2,,,
2021,294667,United States,Ohio University,868,n/a,,,,,,
2021,296963,Indonesia,Universitas Padjadjaran (UNPAD),869,n/a,,,27.5,,,
2021,296469,Russia,Perm State National Research University,870,n/a,,,51.1,,,
2021,297096,Chile,Pontificia Universidad Católica de Valparaíso,871,n/a,,,,,20.2,27.3
2021,293375,Ecuador,Pontificia Universidad Católica del Ecuador (PUCE),872,n/a,,17.9,,,,
2021,293377,Brazil,Pontifícia Universidade Católica de S00o Paulo,873,n/a,,,34.8,,,
2021,371303,Poland,Poznan University of Technology,874,n/a,,,25.1,,,
2021,297491,Thailand,Prince of Songkla University,875,n/a,,,,,17.9,
2021,295342,Saudi Arabia,Princess Nourah bint Abdulrahman University,876,n/a,,73.2,,,,
2021,294140,Jordan,Princess Sumaya University for Technology,877,n/a,29.6,72.4,,,,
2021,296350,United Kingdom,"Queen Margaret University , Edinburgh",878,n/a,87.8,48.6,,,,
2021,297596,South Africa,Rhodes University ,879,n/a,41.1,,,23,,
2021,293582,Latvia,Riga Stradins University,880,n/a,78.5,,,,,
2021,297500,Japan,Ritsumeikan University,881,n/a,,27.2,,,,48.5
2021,296097,Canada,Toronto Metropolitan University,882,n/a,,,,36.3,,25.2
2021,297476,Japan,Saitama University,883,n/a,,,,23.4,,
2021,294694,United States,San Diego State University,884,n/a,,,,33.6,,
2021,294995,China (Mainland),Shanghai International Studies University,885,n/a,48.9,46,26.9,,,
2021,297537,False,Sheffield Hallam University,886,n/a,17.3,29.4,,,,21
2021,296777,Japan,Shinshu University ,887,n/a,,,39.4,19.5,,
2021,296792,Iran,Shiraz University,888,n/a,,,,43.4,,
2021,888039,Poland,Silesian University of Technology,889,n/a,,,34.3,,,
2021,293797,Slovakia,Slovak University of Technology in Bratislava,890,n/a,,,41.1,,,
2021,296775,Japan,Sophia University ,891,n/a,24.9,34.3,,,,18.4
2021,296125,Russia,South Ural State University (National Research University),892,n/a,21.2,,43.4,,,
2021,378421,Hungary,MATE Hungarian University of Agriculture and Life Sciences,893,n/a,29.2,,40.5,,,
2021,293796,Estonia,Tallinn University ,894,n/a,25.7,29.2,,,,
2021,371274,Slovakia,Technical University of Kosice,895,n/a,27.7,,25.3,,,
2021,294497,Germany,TU Dortmund University,896,n/a,,21.1,,,,
2021,294493,Ireland,Technological University Dublin,897,n/a,44.4,41,,,,
2021,293709,Costa Rica,Tecnológico de Costa Rica -TEC,898,n/a,,,25.3,,,35.7
2021,294725,United States,Texas Tech University,899,n/a,,23,,19.8,,
2021,297496,United Kingdom,Robert Gordon University,900,n/a,44.9,56.3,,,,
2021,294120,Russia,Russian Presidential Academy of National Economy and Public Administration,901,n/a,,,53.2,,,
2021,297249,Japan,Tokai University,902,n/a,,,,,,
2021,296838,Chile,Universidad Austral de Chile,903,n/a,,19.2,,,,
2021,293392,Mexico,Universidad Autonoma Chapingo,904,n/a,,,59.1,,,
2021,295210,Mexico,Universidad Autónoma del Estado de México (UAEMex),905,n/a,,,,,20.2,
2021,293412,Mexico,Universidad Autónoma Metropolitana (UAM),906,n/a,,,,,21.6,
2021,294635,Venezuela,Universidad Católica Andres Bello,907,n/a,,,,,18.9,46.8
2021,293423,Uruguay,Universidad Católica del Uruguay (UCU),908,n/a,,,34.1,,,
2021,296464,Spain,University of Alicante,909,n/a,,,27.9,,,
2021,296892,Uruguay,Universidad de la República (Udelar),910,n/a,,,,,18.1,18.5
2021,293445,Mexico,Universidad de las Américas Puebla (UDLAP),911,n/a,,40.3,28.6,,,18.4
2021,293446,Chile,Universidad de los Andes - Chile,912,n/a,,,,,,24.7
2021,293447,Venezuela,Universidad de Los Andes - (ULA) Mérida,913,n/a,,,,,,19
2021,294838,Spain,University of Murcia,914,n/a,,,29.2,,,
2021,296457,Spain,Universidad de Oviedo,915,n/a,,,,19.3,,
2021,293476,Colombia,Universidad del Valle,916,n/a,,,,,,22.4
2021,294498,Chile,Universidad Diego Portales (UDP),917,n/a,,,,,,30.6
2021,294696,Colombia,Universidad EAFIT,918,n/a,,,,,,53.9
2021,295076,Costa Rica,Universidad Nacional Costa Rica,919,n/a,,18,,,,19.9
2021,296826,Argentina,Universidad Nacional de Córdoba - UNC,920,n/a,,,,,19,
2021,296338,Argentina,Universidad Nacional de Rosario (UNR),921,n/a,,,,,17.1,
2021,296828,Argentina,Universidad Nacional de San Luis,922,n/a,,,41.4,,,
2021,296885,Peru,Universidad Nacional Mayor de San Marcos,923,n/a,,,,,,33.8
2021,293514,Venezuela,Universidad Simón Bolívar (USB),924,n/a,,,,,,32
2021,295086,Chile,Universidad Técnica Federico Santa María (USM),925,n/a,,,,,,42
2021,297571,Panama,Universidad Tecnológica de Panamá (UTP),926,n/a,,,24.9,,,26.3
2021,293517,Argentina,Universidad Tecnológica Nacional (UTN),927,n/a,,,41.8,,,30.2
2021,294547,Portugal,Universidade Católica Portuguesa - UCP,928,n/a,18.1,,,,,22.5
2021,296462,Spain,Universidade da Coru09a ,929,n/a,,,30.8,,,
2021,296864,Brazil,Universidade de Brasília,930,n/a,,,,,21,
2021,293554,Brazil,Universidade Federal de Santa Catarina ,931,n/a,,,,,17,
2021,293556,Brazil,Universidade Federal de S00o Carlos (UFSCar),932,n/a,,,,18.5,,
2021,296868,Brazil,Universidade Federal do Paraná - UFPR,933,n/a,,,,,,
2021,296866,Brazil,Universidade Federal de Pernambuco (UFPE) ,934,n/a,,,25.2,,,
2021,294552,Italy,Catania University,935,n/a,,,,33.8,,
2021,296561,Italy,Universita' degli Studi di Ferrara,936,n/a,,,,49.8,,
2021,294881,Italy,University of Salerno,937,n/a,,,,35.2,,
2021,334604,Italy,Università degli Studi di Udine,938,n/a,,,,29,,
2021,296979,Italy,Università degli studi Roma Tre,939,n/a,,,,,18.5,
2021,296977,Italy,University of Calabria,940,n/a,,,,32.9,,
2021,296533,Italy,Universita' Politecnica delle Marche,941,n/a,,,,42.1,,
2021,295205,Italy,University of Palermo,942,n/a,,,,28.8,,
2021,294599,Germany,Bielefeld University,943,n/a,,24.2,,,,
2021,296570,Germany,Universit01t Potsdam,944,n/a,21.6,,,,,
2021,294830,France,Université de Lorraine,945,n/a,40.4,23.5,,,,
2021,293598,France,Nantes University,946,n/a,18,18.3,,,,
2021,297447,France,Université de Rennes 1,947,n/a,,,,,,
2021,296615,France,Université de Versailles Saint-Quentin-en-Yvelines (UVSQ),948,n/a,18.6,25.8,,28.7,,
2021,294844,France,Paul Valéry University Montpellier,949,n/a,82.9,17.1,,,,
2021,297241,France,Université Toulouse 1 Capitole,950,n/a,58,33.7,,,,
2021,294949,Malaysia,Universiti Malaysia Sarawak (UNIMAS),951,n/a,,36.1,,,,
2021,294953,Malaysia,Universiti Tunku Abdul Rahman (UTAR),952,n/a,,,,,,27.6
2021,293738,Malaysia,Universiti Malaysia Perlis,953,n/a,,,46.3,,,
2021,294641,United States,The University of Alabama,954,n/a,,,,,,22.1
2021,293327,Iraq,University of Baghdad,955,n/a,,,35.2,,,
2021,293315,Bahrain,University of Bahrain,956,n/a,29.9,98.8,,,,
2021,294611,Italy,University of Bari,957,n/a,,,,27.1,,
2021,297368,United Kingdom,University of Brighton,958,n/a,54.3,54.2,,,,
2021,294579,Romania,University of Bucharest,959,n/a,,,,,,
2021,294575,India,University of Calcutta,960,n/a,,,,21.3,,
2021,294543,United Kingdom,University of Central Lancashire,961,n/a,47.7,31.2,,,,
2021,294510,Greece,University of Crete,962,n/a,,,,31.1,,
2021,294499,Bangladesh,University of Dhaka,963,n/a,,,,,,31.5
2021,297350,United Kingdom,University of East London,964,n/a,94.5,78.3,,,,
2021,297063,Pakistan,University of Engineering & Technology (UET) Lahore,965,n/a,,,,,,36.6
2021,296409,Poland,UNIVERSITY OF GDANSK,966,n/a,,,24.9,,,
2021,297574,United Kingdom,University of Hertfordshire,967,n/a,86.9,53.7,,,,
2021,293820,Iraq,University of Kufa,968,n/a,,,36.8,,,
2021,294818,South Africa,University of Kwazulu-Natal,969,n/a,,30.6,,19.4,,
2021,293720,Latvia,University of Latvia,970,n/a,,18.3,,,,
2021,296375,United Kingdom,University of Lincoln,971,n/a,,77.3,,,,
2021,294038,Poland,University of Lodz,972,n/a,,,32.7,,,
2021,297141,Malaysia,Universiti Malaysia Sabah (UMS),973,n/a,,21.6,,,,
2021,294144,Malta,University of Malta,974,n/a,,17.7,44.7,,,
2021,297348,Slovenia,University of Maribor,975,n/a,,,38.3,,,
2021,297405,Hungary,University of Miskolc ,976,n/a,,,34.1,,,
2021,295244,United States,University of Mississippi,977,n/a,,,37.4,,,
2021,297044,Australia,University of New England Australia,978,n/a,,,,26.9,,
2021,294748,United States,University of New Hampshire,979,n/a,,,,36.8,,
2021,297534,Czechia,University of Pardubice,980,n/a,,,32.4,,,
2021,295243,Italy,University of Parma,981,n/a,,,,40.1,,
2021,371300,Croatia,University of Rijeka,982,n/a,,,37.6,,,
2021,297473,United Kingdom,University of Salford,983,n/a,47,36,,,,
2021,297472,United States,University of San Diego,984,n/a,,,26.2,,,
2021,297425,Philippines,University of Santo Tomas,985,n/a,,29.7,,,,
2021,297586,United States,University of the Pacific,986,n/a,,,41.8,,,
2021,296700,Pakistan,University of the Punjab,987,n/a,,,,,,32.2
2021,297189,United Kingdom,University of the West of England,988,n/a,53.4,42.7,,,,
2021,296500,Poland,University of Wroclaw,989,n/a,,,,,,
2021,294762,United States,University of Wyoming,990,n/a,,,,39.6,,
2021,293611,Croatia,University of Zagreb,991,n/a,,,32.3,,,
2021,294763,United States,Utah State University ,992,n/a,,,,32.8,,
2021,293776,Italy,Verona University,993,n/a,,,,26.9,,
2021,297651,Vietnam,Viet Nam National University Ho Chi Minh City (VNU-HCM),994,n/a,,,,,20.4,
2021,294945,Vietnam,"Vietnam National University, Hanoi ",995,n/a,,,,,,
2021,296510,Lithuania,Vytautas Magnus University,996,n/a,18.7,27.6,,,,
2021,296503,Poland,Wroclaw University of Science and Technology (WRUST),997,n/a,,,29.8,,,
2021,296816,China (Mainland),Wuhan University of Technology,998,n/a,,,,23.4,,
2021,296875,China (Mainland),Xi'an Jiaotong Liverpool University,999,n/a,,100,,,,
2021,296770,Japan,Yamaguchi University ,1000,n/a,,,48.9,,,
2021,297154,South Korea,Yeungnam University ,1001,n/a,,22.2,,27.5,,
2021,297174,Japan,Yokohama National University,1002,n/a,,,24.6,,,
2021,297636,Egypt,Al-Azhar University,1003,n/a,,,,,,
2021,297636,,Al-Azhar University,1004,n/a,,56.3,,,,
2021,296483,Romania,Alexandru Ioan Cuza University,1005,n/a,,,,,,
2021,293723,India,Amity University,1006,n/a,18.7,,,,,
2021,293345,Palestinian Territories,An-Najah National University,1007,n/a,18,33.6,,,,
2021,294633,Japan,Aoyama Gakuin University,1008,n/a,,18.3,,,,
2021,297625,Egypt,Assiut University ,1009,n/a,,29.4,,,,
2021,294114,Azerbaijan,Azerbaijan State University of Economics,1010,n/a,,,,,,
2021,293624,Azerbaijan,Baku State University,1011,n/a,,,24.3,,,
2021,294608,United States,Baylor College of Medicine,1012,n/a,25.4,,100,,,
2021,371289,Belarus,Belarusian State University of Informatics and Radioelectronics,1013,n/a,,,,,,
2021,293359,Mexico,Benemerita Universidad Autonoma de Puebla,1014,n/a,,,,,,
2021,294600,Norway,BI Norwegian Business School,1015,n/a,18.8,80.5,,22,,
2021,297324,India,"Birla Institute of Technology and Science, Pilani",1016,n/a,,,,20.9,,
2021,293346,Palestinian Territories,Birzeit university,1017,n/a,,,,,,
2021,294588,United States,Brigham Young University,1018,n/a,,,,20.7,,
2021,297547,United Kingdom,Canterbury Christ Church University,1019,n/a,25.3,32.2,,,,
2021,294544,Austria,Central European University,1020,n/a,89,83.5,61.3,,19.4,
2021,294966,Taiwan,Chung Yuan Christian University,1021,n/a,,,,,,
2021,297338,Denmark,Copenhagen Business School,1022,n/a,65.5,85.9,,41.7,,19.1
2021,294511,United Kingdom,Cranfield University,1023,n/a,100,99.7,99.5,46.5,,25.1
2021,293350,Syria,Damascus University,1024,n/a,,,,,,
2021,294276,Indonesia,Diponegoro University,1025,n/a,,17.2,,,,
2021,294676,Turkey,Dokuz Eylul Universitesi,1026,n/a,,,,,,
2021,294496,Japan,Doshisha University,1027,n/a,,20,,,,
2021,295112,Kazakhstan,Karaganda Buketov University,1028,n/a,,,26.3,,,
2021,297371,Turkey,EGE UNIVERSITY,1029,n/a,,,,,,
2021,884382,France,ESCP Business School - Paris,1030,n/a,83.9,83.5,,,,41.5
2021,293366,Ecuador,Escuela Superior Politécnica del Litoral (ESPOL),1031,n/a,,23.6,,,,
2021,294440,France,ESSEC Business School,1032,n/a,88.5,99.6,,40.6,,60.8
2021,294650,Taiwan,Feng Chia University,1033,n/a,,,,,,
2021,294370,Taiwan,Fu Jen Catholic University,1034,n/a,17.5,,,,,
2021,294695,Turkey,Gazi 05niversitesi,1035,n/a,,,,,,
2021,295539,Egypt,German University in Cairo,1036,n/a,,,,,,
2021,296626,France,Institut polytechnique de Grenoble - Grenoble Institute of Technology,1037,n/a,74.9,35.5,,,,26.2
2021,294323,Vietnam,Hanoi University of Science and Technology,1038,n/a,,,,,,
2021,295397,France,HEC Paris School of Management,1039,n/a,89,83.5,,,,89.7
2021,297623,Egypt,Helwan University ,1040,n/a,,,,,,
2021,378173,France,IMT Atlantique,1041,n/a,99.4,64.7,92.6,,,37.7
2021,294228,France,INSEAD,1042,n/a,89,83.5,39.5,,21.4,84.6
2021,296386,Turkey,Izmir Institute of Technology (IZTECH),1043,n/a,,,,,,
2021,295743,India,Jamia Hamdard,1044,n/a,,,,,,
2021,294191,India,Jawaharlal Nehru University,1045,n/a,,,26.5,23.8,28.3,
2021,294162,Sweden,Karolinska Institutet,1046,n/a,45.3,91.8,99.8,90,39.7,
2021,295101,Saudi Arabia,King Abdullah University of Science & Technology (KAUST),1047,n/a,100,100,78.2,100,22.6,
2021,294904,Thailand,King Mongkut's Institute of Technology Ladkrabang,1048,n/a,,,,,,19.3
2021,296379,United Kingdom,Leeds Beckett University,1049,n/a,22.2,27.2,,,,
2021,294036,United Kingdom,London Business School,1050,n/a,100,100,,77.8,21.2,85.8
2021,294203,Uganda,Makerere University,1052,n/a,,,,,,
2021,297627,Egypt,Mansoura University,1053,n/a,,,,,,
2021,297604,United States,Marquette University,1054,n/a,,,26.2,,,
2021,294921,Japan,Meiji University,1055,n/a,,,,,,20
2021,297587,United States,Miami University,1056,n/a,22.8,,,,,
2021,294197,Iraq,Mustansiriyah University,1057,n/a,,,23.9,,,
2021,294961,Taiwan,National Dong Hwa University,1058,n/a,16.4,,,,,
2021,294960,Taiwan,National Taiwan Ocean University,1059,n/a,,,,,,
2021,309517,Ukraine,National University of Kyiv-Mohyla Academy (NaUKMA),1060,n/a,,,27.6,,,
2021,296681,South Africa,North-West University,1061,n/a,,,,,,
2021,294655,United States,Northern Arizona University,1062,n/a,,,,,,
2021,297305,India,Panjab University,1063,n/a,,,,,,
2021,293765,Kazakhstan,Toraighyrov University,1064,n/a,,,,,,
2021,293381,Brazil,"Pontifícia Universidade Católica do Rio Grande do Sul, PUCRS",1065,n/a,,,,,,
2021,294932,Japan,Rikkyo University,1066,n/a,,,,,,
2021,296016,Russia,Russian State University for the Humanities ,1067,n/a,,,,,,
2021,294087,Kazakhstan,Saken Seifullin Kazakh Agrotechnical University,1068,n/a,,,26.6,,,
2021,295576,Italy,Scuola Normale Superiore,1069,n/a,20.9,27.8,100,69.4,27.8,
2021,297078,Italy,Sant'Anna - Scuola Universitaria Superiore Pisa,1070,n/a,50.9,,97.4,87.9,,
2021,295883,South Korea,Seoul National University of Science and Technology,1071,n/a,,,,,,
2021,296802,Iran,Shahid Beheshti University (SBU),1072,n/a,,,,25.5,,
2021,296923,Russia,"Siberian Federal University, SibFU",1073,n/a,,40.1,,,,
2021,296369,United Kingdom,"St George's, University of London",1074,n/a,58.9,50.9,52.4,58.4,,
2021,294460,Russia,Saint-Petersburg Mining University,1075,n/a,17.1,,,,,
2021,297279,Sweden,Stockholm School of Economics,1076,n/a,26.3,86.3,,56.6,,21.3
2021,294720,Thailand,Suranaree University of Technology,1077,n/a,,,,,,
2021,294958,Taiwan,Tamkang University,1078,n/a,,,,,,
2021,371267,Romania,Technical University of Cluj-Napoca,1079,n/a,,,,,,
2021,295810,Czechia,VSB - Technical University of Ostrava,1080,n/a,27.3,,,,,
2021,295810,,VSB - Technical University of Ostrava,1081,n/a,99.3,95.4,98.4,34.7,,46.6
2021,295579,India,Thapar Institute of Engineering & Technology,1082,n/a,,,,28.3,,
2021,295132,Romania,"The ""Gheorghe Asachi"" Technical University of Iasi",1083,n/a,,,,,,
2021,295873,Jordan,The Hashemite University,1084,n/a,,,,,,
2021,295802,Vietnam,Ton Duc Thang University,1085,n/a,,50.2,,,,
2021,294959,Taiwan,Tunghai University,1086,n/a,,,,,,
2021,293386,Chile,Universidad Andrés Bello,1087,n/a,,,,,,
2021,296851,Mexico,Universidad Autónoma de Baja California,1088,n/a,,,,,,
2021,295884,Chile,Universidad Autónoma de Chile,1089,n/a,,,,,,
2021,296849,Mexico,Universidad Autónoma de Nuevo León,1090,n/a,,,,,,19
2021,293402,Mexico,Universidad Autónoma de Querétaro (UAQ),1091,n/a,,,,,,
2021,293403,Mexico,Universidad Autónoma de San Luis de Potosí,1092,n/a,,,,,,
2021,296855,Mexico,Universidad Autonoma de Yucatan,1093,n/a,,,,,,
2021,293411,Mexico,Universidad Autónoma del Estado de Morelos (UAEM),1094,n/a,,,,,,
2021,293694,Bolivia,"Universidad Católica Boliviana ""San Pablo""",1095,n/a,,,,,,
2021,293416,Colombia,Universidad Católica de Colombia ,1096,n/a,,,,,,
2021,294407,Argentina,Universidad Católica de Córdoba,1097,n/a,,,29,,,
2021,293422,Chile,Universidad Católica del Norte,1098,n/a,,16.9,,,,
2021,293427,Ecuador,Universidad Central del Ecuador,1099,n/a,,,,,,
2021,296455,Spain,Universidad de Castilla-La Mancha,1100,n/a,,,,,,
2021,296850,Mexico,Universidad de Guanajuato,1101,n/a,,,,,,
2021,296837,Chile,Universidad de La Frontera (UFRO),1102,n/a,,,,,,
2021,296883,Colombia,Universidad de La Salle,1103,n/a,,,,,,
2021,293763,Ecuador,Universidad de las Fuerzas Armadas ESPE (Ex - Escuela Politécnica del Ejército),1104,n/a,,,,,,
2021,296886,Peru,Universidad de Lima,1105,n/a,,,,,,34.5
2021,295188,Colombia,Universidad de Medellín,1106,n/a,,,,,,
2021,296862,Mexico,Universidad de Monterrey (UDEM),1107,n/a,,,,,,
2021,293456,Panama,Universidad de Panamá - UP,1108,n/a,,,,,,
2021,293458,Puerto Rico,Universidad de Puerto Rico,1109,n/a,,,,,,
2021,296853,Mexico,Universidad de Sonora,1110,n/a,,,,,,
2021,296836,Chile,Universidad de Talca,1111,n/a,,19.2,,,,
2021,293464,Chile,Universidad de Valparaíso (UV),1112,n/a,,,,,,
2021,296835,Chile,Universidad del Bío-Bío,1113,n/a,,,,,,
2021,295087,Chile,Universidad del Desarrollo (UDD),1114,n/a,,,,,,18.6
2021,293472,Colombia,Universidad del Norte ,1115,n/a,,,,,,25.8
2021,293473,Peru,Universidad del Pacífico,1116,n/a,,,,,,36.1
2021,293483,Colombia,Universidad Industrial de Santander - UIS,1117,n/a,,,,,,27
2021,293690,Bolivia,Universidad Mayor de San Andrés (UMSA),1118,n/a,,,,,,
2021,294860,Venezuela,Universidad Metropolitana,1119,n/a,,,,,,20.1
2021,296890,Peru,Universidad Nacional Agraria la Molina,1120,n/a,,,,,,
2021,293496,Paraguay,Universidad Nacional de la Asunción,1121,n/a,,,27.9,,,
2021,296830,Argentina,Universidad Nacional de Cuyo,1122,n/a,16.9,,,,,
2021,296831,Argentina,Universidad Nacional de Mar del Plata,1123,n/a,,,,,,
2021,294405,Argentina,Universidad Nacional de Quilmes,1124,n/a,,,,,,
2021,293816,Argentina,Universidad Nacional de San Martín (UNSAM),1125,n/a,,,,,,
2021,296829,Argentina,Universidad Nacional de Tucumà03n,1126,n/a,,,,,,
2021,296827,Argentina,Universidad Nacional del Litoral,1127,n/a,,,,,,
2021,293502,Argentina,Universidad Nacional del Sur,1128,n/a,,,,,,
2021,296889,Peru,Universidad Peruana de Ciencias Aplicadas,1129,n/a,,,,,,26.8
2021,296404,Spain,Universidad Rey Juan Carlos,1130,n/a,,,,,,
2021,296452,Spain,Universidade de Vigo,1131,n/a,,,,19.7,,
2021,293529,Brazil,Universidade do Estado do Rio de Janeiro (UERJ),1132,n/a,,,,,,
2021,293533,Brazil,Universidade Estadual de Londrina,1133,n/a,,,,,,
2021,296869,Brazil,Universidade Federal da Bahia,1134,n/a,,,,,,
2021,293555,Brazil,Universidade Federal de Santa Maria,1135,n/a,,,,,,
2021,293561,Brazil,Universidade Federal de Vi04osa (UFV),1136,n/a,,,,,,
2021,296870,Brazil,Universidade Federal do Ceará (UFC),1137,n/a,,,,,,
2021,296852,Brazil,Universidade Federal Fluminense ,1138,n/a,,,,,,
2021,294596,Italy,Bocconi University,1139,n/a,32.2,44.3,,,24.8,81.3
2021,296962,Indonesia,Universitas Muhammadiyah Surakarta,1140,n/a,,,,,,
2021,296568,Germany,Universit01t Siegen,1141,n/a,20.1,32.3,,,,
2021,294577,France,Université de Caen Normandie,1142,n/a,,,,,,
2021,296419,France,Université de Poitiers,1143,n/a,33.8,,,,,
2021,296636,France,Université de Technologie de Compiègne (UTC),1144,n/a,32.1,,38.3,22.5,,18
2021,293988,France,Université Jean Moulin Lyon 3,1145,n/a,32.3,27.1,,,,
2021,293990,France,Université Lumière Lyon 2,1146,n/a,,24.5,,,,
2021,295836,Morocco,Université Mohammed V de Rabat,1147,n/a,,,,,,
2021,297532,France,Université Paris-Nanterre,1148,n/a,,,,,,
2021,294957,Malaysia,Universiti Malaysia Terengganu (UMT),1149,n/a,,,,,,
2021,297086,Italy,Università degli studi di Bergamo,1150,n/a,,17.3,,,,
2021,297054,Pakistan,"University of Agriculture, Faisalabad ",1151,n/a,,,,21.2,,
2021,295212,United States,University of Arkansas Fayetteville ,1152,n/a,,,,19.2,,
2021,295974,Iraq,University of Babylon,1153,n/a,,,,,,
2021,294199,Iraq,University of Basrah,1154,n/a,,,,,,
2021,295204,Serbia,University of Belgrade,1155,n/a,,,,,,
2021,297069,Indonesia,Universitas Brawijaya ,1156,n/a,,,,,,
2021,294566,United States,"University of California, San Francisco",1157,n/a,,44.3,100,48.7,42.2,
2021,294522,Sri Lanka,University of Colombo,1158,n/a,,,,,,
2021,297572,Czechia,Prague University of Economics and Business,1159,n/a,60.4,,,,,18.7
2021,294208,Ghana,University of Ghana,1160,n/a,,,,,,
2021,297411,Pakistan,University of Karachi,1161,n/a,,,,,,
2021,294092,Pakistan,The University of Lahore,1162,n/a,,,,,,
2021,295221,United States,University of Montana Missoula ,1163,n/a,,,,23.6,,
2021,294841,India,University of Mumbai,1164,n/a,,,,,,23.9
2021,294204,Kenya,University of Nairobi,1165,n/a,,,,,,
2021,888038,Serbia,University of Ni08,1166,n/a,,,,,,
2021,293617,Serbia,University of Novi Sad,1167,n/a,,,,,,
2021,297529,Czechia,University of Ostrava,1168,n/a,,21.5,25.2,,,
2021,294668,Sri Lanka,University of Peradeniya ,1169,n/a,,,,,,
2021,297118,United States,University of San Francisco,1170,n/a,28.9,,,,,
2021,293747,Bosnia & Herzegovina,University of Sarajevo ,1171,n/a,,,,,,
2021,296499,Poland,University of Silesia in Katowice,1172,n/a,,,,,,
2021,888034,Croatia,University of Split,1173,n/a,,,,,,
2021,296380,United Kingdom,University of the Arts London,1174,n/a,100,48.3,,,,
2021,297598,South Africa,University of the Western Cape,1175,n/a,,24.1,,19.6,,
2021,297539,Czechia,University of West Bohemia ,1176,n/a,,,,,,
2021,296924,Romania,University POLITEHNICA of Bucharest,1177,n/a,,,,,,
2021,297240,France,Université Toulouse - Jean Jaurès,1178,n/a,25.5,31.9,,,,
2021,297297,India,"Vellore Institute of Technology (VIT), Vellore, India",1179,n/a,,,,,,
2021,296472,Russia,Voronezh State University,1180,n/a,26.3,,27,,,
2021,294091,Poland,Warsaw University of Life Sciences  SGGW (WULS-SGGW),1181,n/a,,,25.4,,,
2021,297190,Israel,Weizmann Institute of Science,1182,n/a,,,100,76.4,19.9,
2021,296481,Romania,Universitatea de Vest din Timisoara /  West University of Timisoara,1183,n/a,,,,,,
2021,294131,Germany,WHU - Otto Beisheim School of Management ,1184,n/a,,98.6,25.2,45.1,,23.8
2021,297384,Jordan,Yarmouk University,1185,n/a,,,,,,
2021,309595,Turkey,Yildiz Technical University,1186,n/a,,,,,,
